point_index,cluster_label
0,6
1,7
2,1
3,6
4,7
5,0
6,5
7,5
8,9
9,5
10,4
11,4
12,8
13,7
14,2
15,6
16,8
17,3
18,2
19,7
20,8
21,6
22,2
23,0
24,1
25,1
26,7
27,2
28,6
29,4
30,0
31,5
32,8
33,9
34,5
35,9
36,0
37,2
38,8
39,3
40,5
41,8
42,5
43,4
44,0
45,1
46,8
47,2
48,6
49,5
50,9
51,5
52,3
53,7
54,7
55,7
56,2
57,7
58,6
59,5
60,7
61,2
62,5
63,2
64,4
65,6
66,1
67,9
68,8
69,6
70,9
71,1
72,5
73,0
74,6
75,7
76,8
77,9
78,3
79,9
80,3
81,7
82,4
83,1
84,1
85,8
86,9
87,3
88,0
89,6
90,4
91,1
92,2
93,7
94,2
95,1
96,0
97,1
98,4
99,6
100,3
101,7
102,4
103,1
104,7
105,0
106,4
107,1
108,2
109,2
110,7
111,4
112,8
113,2
114,8
115,4
116,8
117,0
118,9
119,9
120,8
121,8
122,9
123,8
124,3
125,8
126,3
127,5
128,2
129,3
130,7
131,8
132,9
133,3
134,0
135,2
136,6
137,9
138,8
139,5
140,4
141,2
142,7
143,8
144,9
145,9
146,2
147,2
148,0
149,1
150,8
151,0
152,1
153,6
154,1
155,5
156,8
157,3
158,0
159,3
160,5
161,2
162,4
163,5
164,3
165,3
166,4
167,7
168,4
169,7
170,8
171,2
172,0
173,2
174,1
175,8
176,4
177,4
178,5
179,0
180,0
181,2
182,6
183,2
184,2
185,0
186,0
187,1
188,6
189,5
190,6
191,6
192,7
193,1
194,8
195,3
196,5
197,4
198,9
199,9
200,6
201,1
202,6
203,9
204,4
205,6
206,8
207,8
208,2
209,0
210,1
211,6
212,1
213,6
214,5
215,2
216,2
217,9
218,6
219,3
220,1
221,9
222,4
223,9
224,5
225,3
226,8
227,7
228,6
229,3
230,0
231,1
232,3
233,3
234,4
235,9
236,1
237,7
238,3
239,2
240,7
241,8
242,8
243,7
244,8
245,2
246,4
247,4
248,8
249,0
250,1
251,3
252,1
253,0
254,9
255,2
256,3
257,5
258,8
259,1
260,1
261,0
262,4
263,4
264,3
265,4
266,1
267,4
268,9
269,6
270,9
271,2
272,4
273,9
274,7
275,4
276,9
277,0
278,3
279,1
280,6
281,7
282,1
283,5
284,1
285,7
286,4
287,6
288,6
289,1
290,2
291,6
292,1
293,9
294,5
295,9
296,0
297,2
298,8
299,6
300,6
301,6
302,2
303,3
304,3
305,5
306,9
307,4
308,9
309,6
310,1
311,7
312,3
313,2
314,6
315,4
316,9
317,0
318,0
319,2
320,3
321,5
322,0
323,2
324,1
325,7
326,8
327,3
328,0
329,2
330,3
331,4
332,3
333,3
334,4
335,4
336,6
337,1
338,1
339,0
340,8
341,2
342,5
343,8
344,2
345,7
346,1
347,0
348,7
349,4
350,5
351,0
352,3
353,4
354,6
355,5
356,4
357,0
358,0
359,1
360,4
361,8
362,1
363,6
364,6
365,6
366,8
367,6
368,6
369,1
370,7
371,7
372,2
373,9
374,9
375,8
376,1
377,0
378,2
379,4
380,1
381,0
382,7
383,4
384,5
385,1
386,1
387,0
388,8
389,3
390,7
391,8
392,9
393,2
394,0
395,6
396,6
397,9
398,8
399,2
400,5
401,5
402,7
403,6
404,9
405,9
406,3
407,0
408,5
409,6
410,5
411,2
412,5
413,5
414,8
415,3
416,6
417,3
418,0
419,8
420,9
421,5
422,9
423,6
424,4
425,5
426,7
427,3
428,6
429,9
430,4
431,0
432,2
433,7
434,5
435,3
436,2
437,1
438,8
439,9
440,6
441,3
442,4
443,5
444,6
445,5
446,9
447,4
448,3
449,3
450,1
451,6
452,1
453,7
454,5
455,9
456,7
457,6
458,8
459,9
460,1
461,6
462,1
463,9
464,3
465,6
466,6
467,0
468,1
469,9
470,9
471,8
472,9
473,5
474,6
475,1
476,2
477,3
478,4
479,7
480,7
481,3
482,3
483,1
484,3
485,3
486,6
487,2
488,0
489,0
490,4
491,1
492,7
493,9
494,9
495,5
496,1
497,4
498,1
499,0
500,8
501,1
502,6
503,4
504,6
505,6
506,2
507,9
508,2
509,5
510,4
511,1
512,9
513,5
514,6
515,7
516,5
517,0
518,6
519,4
520,8
521,9
522,5
523,5
524,7
525,0
526,8
527,6
528,8
529,1
530,2
531,6
532,7
533,4
534,2
535,1
536,8
537,8
538,7
539,1
540,9
541,6
542,0
543,7
544,2
545,8
546,1
547,1
548,9
549,8
550,4
551,5
552,4
553,6
554,7
555,8
556,5
557,9
558,6
559,4
560,9
561,2
562,2
563,7
564,4
565,0
566,8
567,8
568,5
569,4
570,7
571,0
572,9
573,7
574,4
575,7
576,3
577,4
578,3
579,8
580,8
581,4
582,4
583,2
584,5
585,6
586,2
587,1
588,4
589,1
590,2
591,5
592,5
593,0
594,5
595,4
596,8
597,8
598,3
599,6
600,6
601,4
602,3
603,2
604,8
605,3
606,5
607,4
608,0
609,0
610,6
611,5
612,8
613,6
614,6
615,2
616,5
617,0
618,2
619,4
620,5
621,2
622,0
623,2
624,4
625,3
626,2
627,7
628,6
629,2
630,9
631,0
632,5
633,3
634,3
635,2
636,9
637,4
638,5
639,3
640,8
641,8
642,9
643,3
644,0
645,0
646,9
647,5
648,9
649,5
650,4
651,1
652,5
653,6
654,0
655,4
656,5
657,8
658,8
659,0
660,0
661,1
662,0
663,9
664,8
665,2
666,7
667,5
668,5
669,0
670,2
671,7
672,6
673,4
674,0
675,5
676,6
677,3
678,1
679,8
680,3
681,7
682,3
683,3
684,3
685,1
686,6
687,0
688,5
689,4
690,6
691,6
692,4
693,2
694,8
695,2
696,4
697,5
698,9
699,8
700,5
701,2
702,6
703,4
704,6
705,7
706,5
707,4
708,1
709,9
710,3
711,9
712,2
713,4
714,1
715,2
716,1
717,5
718,1
719,1
720,8
721,2
722,5
723,3
724,4
725,2
726,7
727,3
728,7
729,1
730,0
731,5
732,1
733,8
734,1
735,2
736,5
737,0
738,0
739,6
740,3
741,2
742,2
743,0
744,7
745,2
746,1
747,4
748,8
749,9
750,0
751,4
752,7
753,8
754,5
755,1
756,5
757,2
758,1
759,1
760,1
761,1
762,2
763,8
764,9
765,7
766,2
767,4
768,1
769,6
770,1
771,8
772,6
773,8
774,6
775,6
776,1
777,6
778,8
779,9
780,0
781,8
782,7
783,3
784,1
785,3
786,2
787,5
788,0
789,2
790,0
791,4
792,3
793,3
794,2
795,9
796,5
797,5
798,7
799,1
800,7
801,8
802,7
803,7
804,3
805,9
806,3
807,0
808,5
809,6
810,0
811,4
812,7
813,2
814,2
815,8
816,0
817,8
818,7
819,4
820,2
821,8
822,2
823,5
824,7
825,7
826,0
827,3
828,2
829,8
830,5
831,1
832,3
833,0
834,7
835,2
836,7
837,6
838,7
839,5
840,8
841,3
842,2
843,1
844,6
845,1
846,7
847,5
848,4
849,5
850,1
851,2
852,6
853,8
854,1
855,4
856,3
857,3
858,5
859,9
860,8
861,7
862,6
863,6
864,6
865,2
866,0
867,2
868,5
869,9
870,6
871,1
872,8
873,5
874,5
875,6
876,3
877,6
878,9
879,5
880,9
881,3
882,4
883,5
884,8
885,3
886,9
887,9
888,8
889,8
890,6
891,4
892,5
893,7
894,2
895,3
896,1
897,9
898,8
899,3
900,3
901,8
902,7
903,8
904,8
905,1
906,4
907,3
908,9
909,3
910,9
911,7
912,3
913,1
914,7
915,4
916,9
917,1
918,4
919,3
920,9
921,6
922,9
923,7
924,7
925,3
926,1
927,6
928,9
929,3
930,0
931,7
932,1
933,1
934,7
935,9
936,1
937,7
938,8
939,8
940,2
941,1
942,2
943,3
944,0
945,7
946,2
947,1
948,7
949,4
950,6
951,2
952,4
953,3
954,2
955,6
956,3
957,1
958,2
959,3
960,6
961,0
962,0
963,3
964,7
965,9
966,4
967,7
968,9
969,9
970,4
971,6
972,2
973,5
974,5
975,7
976,6
977,4
978,4
979,9
980,0
981,4
982,2
983,1
984,1
985,0
986,8
987,1
988,0
989,8
990,8
991,3
992,0
993,3
994,3
995,7
996,6
997,4
998,6
999,1
1000,4
1001,7
1002,5
1003,9
1004,9
1005,9
1006,8
1007,2
1008,9
1009,8
1010,2
1011,3
1012,9
1013,2
1014,2
1015,9
1016,8
1017,9
1018,0
1019,6
1020,9
1021,3
1022,2
1023,1
1024,3
1025,5
1026,7
1027,2
1028,0
1029,4
1030,8
1031,6
1032,8
1033,5
1034,5
1035,5
1036,5
1037,4
1038,0
1039,1
1040,8
1041,0
1042,1
1043,4
1044,7
1045,3
1046,0
1047,5
1048,5
1049,0
1050,8
1051,9
1052,7
1053,2
1054,2
1055,9
1056,7
1057,8
1058,2
1059,2
1060,7
1061,6
1062,1
1063,5
1064,3
1065,8
1066,5
1067,5
1068,7
1069,9
1070,8
1071,2
1072,4
1073,9
1074,0
1075,9
1076,9
1077,4
1078,6
1079,5
1080,7
1081,4
1082,5
1083,4
1084,1
1085,0
1086,0
1087,2
1088,3
1089,4
1090,6
1091,4
1092,9
1093,9
1094,2
1095,3
1096,5
1097,6
1098,8
1099,6
1100,3
1101,9
1102,3
1103,1
1104,0
1105,3
1106,6
1107,3
1108,3
1109,2
1110,4
1111,8
1112,9
1113,1
1114,2
1115,2
1116,6
1117,6
1118,7
1119,5
1120,1
1121,4
1122,6
1123,8
1124,0
1125,6
1126,3
1127,9
1128,5
1129,7
1130,5
1131,9
1132,7
1133,9
1134,8
1135,4
1136,0
1137,1
1138,3
1139,2
1140,2
1141,4
1142,8
1143,1
1144,2
1145,6
1146,6
1147,9
1148,4
1149,5
1150,3
1151,9
1152,1
1153,4
1154,2
1155,8
1156,5
1157,5
1158,8
1159,0
1160,8
1161,3
1162,4
1163,0
1164,5
1165,9
1166,2
1167,9
1168,4
1169,0
1170,6
1171,5
1172,1
1173,3
1174,3
1175,3
1176,2
1177,6
1178,6
1179,9
1180,8
1181,5
1182,9
1183,7
1184,7
1185,8
1186,6
1187,8
1188,8
1189,8
1190,0
1191,3
1192,0
1193,3
1194,2
1195,2
1196,5
1197,6
1198,5
1199,4
1200,1
1201,9
1202,5
1203,0
1204,2
1205,5
1206,8
1207,8
1208,5
1209,7
1210,7
1211,5
1212,1
1213,7
1214,3
1215,1
1216,9
1217,1
1218,9
1219,0
1220,5
1221,2
1222,0
1223,2
1224,3
1225,4
1226,4
1227,7
1228,8
1229,8
1230,2
1231,8
1232,4
1233,9
1234,0
1235,9
1236,6
1237,4
1238,4
1239,3
1240,3
1241,9
1242,6
1243,9
1244,8
1245,1
1246,6
1247,6
1248,6
1249,5
1250,0
1251,9
1252,0
1253,0
1254,9
1255,7
1256,9
1257,9
1258,5
1259,8
1260,5
1261,5
1262,3
1263,1
1264,0
1265,7
1266,6
1267,1
1268,2
1269,1
1270,0
1271,3
1272,8
1273,6
1274,8
1275,7
1276,6
1277,9
1278,5
1279,8
1280,3
1281,3
1282,1
1283,7
1284,7
1285,0
1286,9
1287,0
1288,5
1289,9
1290,5
1291,7
1292,2
1293,9
1294,4
1295,5
1296,4
1297,2
1298,8
1299,8
1300,6
1301,2
1302,5
1303,4
1304,9
1305,2
1306,7
1307,5
1308,7
1309,7
1310,2
1311,4
1312,1
1313,5
1314,5
1315,2
1316,2
1317,9
1318,7
1319,2
1320,8
1321,2
1322,0
1323,3
1324,5
1325,2
1326,8
1327,0
1328,6
1329,0
1330,1
1331,5
1332,7
1333,9
1334,6
1335,1
1336,2
1337,8
1338,5
1339,0
1340,2
1341,4
1342,3
1343,3
1344,4
1345,6
1346,5
1347,6
1348,5
1349,1
1350,3
1351,6
1352,2
1353,9
1354,7
1355,9
1356,1
1357,3
1358,9
1359,3
1360,5
1361,7
1362,8
1363,3
1364,4
1365,7
1366,5
1367,5
1368,3
1369,8
1370,1
1371,9
1372,1
1373,4
1374,6
1375,2
1376,3
1377,3
1378,7
1379,1
1380,2
1381,5
1382,5
1383,1
1384,2
1385,7
1386,2
1387,6
1388,3
1389,5
1390,4
1391,9
1392,9
1393,0
1394,1
1395,4
1396,3
1397,2
1398,3
1399,0
1400,8
1401,7
1402,2
1403,1
1404,2
1405,4
1406,8
1407,0
1408,9
1409,2
1410,3
1411,5
1412,1
1413,6
1414,3
1415,6
1416,3
1417,6
1418,9
1419,3
1420,4
1421,9
1422,3
1423,0
1424,0
1425,1
1426,3
1427,6
1428,7
1429,3
1430,6
1431,4
1432,4
1433,3
1434,2
1435,2
1436,5
1437,7
1438,7
1439,1
1440,5
1441,5
1442,0
1443,7
1444,0
1445,9
1446,6
1447,7
1448,7
1449,0
1450,7
1451,7
1452,0
1453,6
1454,1
1455,0
1456,2
1457,7
1458,9
1459,0
1460,4
1461,9
1462,6
1463,2
1464,5
1465,4
1466,4
1467,1
1468,1
1469,1
1470,8
1471,4
1472,7
1473,6
1474,0
1475,3
1476,4
1477,9
1478,1
1479,5
1480,3
1481,6
1482,2
1483,5
1484,7
1485,5
1486,5
1487,6
1488,5
1489,2
1490,0
1491,1
1492,6
1493,1
1494,8
1495,6
1496,9
1497,4
1498,3
1499,4
1500,0
1501,8
1502,6
1503,8
1504,0
1505,8
1506,7
1507,9
1508,5
1509,2
1510,2
1511,7
1512,6
1513,3
1514,4
1515,2
1516,9
1517,9
1518,2
1519,5
1520,4
1521,3
1522,9
1523,7
1524,1
1525,2
1526,2
1527,4
1528,6
1529,1
1530,6
1531,6
1532,1
1533,3
1534,0
1535,8
1536,9
1537,2
1538,9
1539,0
1540,3
1541,4
1542,4
1543,6
1544,4
1545,5
1546,3
1547,3
1548,7
1549,8
1550,9
1551,1
1552,3
1553,3
1554,1
1555,7
1556,3
1557,1
1558,8
1559,6
1560,7
1561,2
1562,1
1563,4
1564,9
1565,9
1566,8
1567,6
1568,1
1569,8
1570,0
1571,4
1572,3
1573,3
1574,0
1575,7
1576,4
1577,1
1578,7
1579,7
1580,8
1581,7
1582,7
1583,4
1584,0
1585,5
1586,6
1587,7
1588,8
1589,0
1590,6
1591,1
1592,8
1593,5
1594,4
1595,9
1596,1
1597,4
1598,7
1599,8
1600,1
1601,7
1602,5
1603,1
1604,7
1605,9
1606,8
1607,6
1608,2
1609,7
1610,5
1611,4
1612,4
1613,1
1614,8
1615,4
1616,1
1617,9
1618,8
1619,7
1620,6
1621,7
1622,7
1623,7
1624,1
1625,9
1626,3
1627,3
1628,6
1629,0
1630,5
1631,1
1632,3
1633,1
1634,0
1635,0
1636,7
1637,7
1638,7
1639,4
1640,5
1641,1
1642,5
1643,1
1644,3
1645,4
1646,3
1647,7
1648,5
1649,4
1650,1
1651,9
1652,9
1653,9
1654,1
1655,9
1656,5
1657,1
1658,0
1659,4
1660,1
1661,3
1662,2
1663,0
1664,2
1665,5
1666,8
1667,9
1668,0
1669,9
1670,3
1671,6
1672,2
1673,7
1674,2
1675,5
1676,9
1677,6
1678,7
1679,3
1680,9
1681,4
1682,0
1683,0
1684,3
1685,3
1686,1
1687,4
1688,4
1689,2
1690,5
1691,5
1692,7
1693,7
1694,2
1695,8
1696,8
1697,4
1698,2
1699,1
1700,8
1701,9
1702,5
1703,6
1704,1
1705,2
1706,8
1707,4
1708,7
1709,4
1710,3
1711,9
1712,4
1713,4
1714,2
1715,5
1716,8
1717,2
1718,7
1719,5
1720,0
1721,2
1722,8
1723,4
1724,1
1725,3
1726,1
1727,2
1728,8
1729,6
1730,7
1731,5
1732,0
1733,6
1734,0
1735,2
1736,3
1737,0
1738,7
1739,2
1740,2
1741,9
1742,3
1743,2
1744,6
1745,3
1746,5
1747,3
1748,4
1749,5
1750,8
1751,4
1752,0
1753,7
1754,6
1755,9
1756,9
1757,3
1758,9
1759,7
1760,4
1761,3
1762,0
1763,2
1764,8
1765,2
1766,0
1767,5
1768,8
1769,4
1770,9
1771,2
1772,0
1773,1
1774,0
1775,5
1776,5
1777,4
1778,8
1779,2
1780,4
1781,3
1782,0
1783,6
1784,9
1785,0
1786,7
1787,3
1788,9
1789,3
1790,1
1791,6
1792,1
1793,5
1794,1
1795,9
1796,7
1797,8
1798,7
1799,2
1800,2
1801,3
1802,9
1803,5
1804,3
1805,8
1806,5
1807,3
1808,3
1809,9
1810,2
1811,5
1812,6
1813,5
1814,5
1815,5
1816,7
1817,1
1818,4
1819,2
1820,9
1821,0
1822,4
1823,0
1824,2
1825,7
1826,8
1827,2
1828,1
1829,2
1830,2
1831,8
1832,7
1833,7
1834,2
1835,1
1836,5
1837,9
1838,1
1839,3
1840,0
1841,9
1842,3
1843,1
1844,8
1845,1
1846,6
1847,4
1848,2
1849,9
1850,7
1851,4
1852,4
1853,5
1854,5
1855,9
1856,6
1857,5
1858,2
1859,9
1860,8
1861,7
1862,0
1863,9
1864,6
1865,3
1866,5
1867,6
1868,3
1869,2
1870,6
1871,3
1872,7
1873,7
1874,2
1875,4
1876,2
1877,4
1878,2
1879,7
1880,7
1881,5
1882,6
1883,2
1884,7
1885,5
1886,6
1887,9
1888,3
1889,5
1890,2
1891,4
1892,8
1893,2
1894,7
1895,0
1896,1
1897,3
1898,7
1899,0
1900,7
1901,5
1902,8
1903,5
1904,1
1905,7
1906,8
1907,7
1908,7
1909,0
1910,8
1911,9
1912,3
1913,3
1914,3
1915,7
1916,5
1917,2
1918,2
1919,7
1920,6
1921,3
1922,0
1923,0
1924,7
1925,9
1926,0
1927,6
1928,8
1929,0
1930,9
1931,6
1932,2
1933,8
1934,8
1935,4
1936,3
1937,1
1938,4
1939,6
1940,9
1941,0
1942,2
1943,0
1944,2
1945,2
1946,1
1947,5
1948,8
1949,1
1950,6
1951,2
1952,4
1953,3
1954,9
1955,8
1956,2
1957,8
1958,9
1959,5
1960,1
1961,9
1962,0
1963,7
1964,0
1965,4
1966,9
1967,5
1968,3
1969,7
1970,8
1971,4
1972,7
1973,4
1974,2
1975,5
1976,7
1977,5
1978,3
1979,6
1980,9
1981,9
1982,8
1983,7
1984,3
1985,5
1986,4
1987,8
1988,3
1989,5
1990,1
1991,9
1992,7
1993,9
1994,3
1995,2
1996,3
1997,7
1998,4
1999,1
2000,0
2001,2
2002,3
2003,9
2004,0
2005,3
2006,0
2007,5
2008,7
2009,3
2010,3
2011,8
2012,4
2013,1
2014,0
2015,6
2016,4
2017,5
2018,3
2019,2
2020,6
2021,0
2022,8
2023,1
2024,2
2025,3
2026,0
2027,1
2028,7
2029,4
2030,5
2031,7
2032,1
2033,7
2034,3
2035,4
2036,0
2037,9
2038,4
2039,5
2040,9
2041,0
2042,4
2043,1
2044,0
2045,0
2046,6
2047,9
2048,9
2049,7
2050,8
2051,7
2052,5
2053,2
2054,2
2055,7
2056,7
2057,9
2058,3
2059,8
2060,7
2061,2
2062,8
2063,0
2064,7
2065,7
2066,5
2067,7
2068,2
2069,1
2070,9
2071,4
2072,8
2073,6
2074,8
2075,6
2076,6
2077,9
2078,0
2079,9
2080,6
2081,7
2082,3
2083,3
2084,9
2085,6
2086,9
2087,8
2088,1
2089,9
2090,3
2091,6
2092,6
2093,9
2094,0
2095,5
2096,1
2097,8
2098,0
2099,6
2100,4
2101,0
2102,6
2103,1
2104,8
2105,0
2106,1
2107,2
2108,3
2109,1
2110,5
2111,6
2112,0
2113,5
2114,9
2115,6
2116,4
2117,7
2118,2
2119,4
2120,7
2121,8
2122,8
2123,8
2124,0
2125,0
2126,5
2127,8
2128,1
2129,2
2130,3
2131,1
2132,1
2133,3
2134,3
2135,3
2136,6
2137,7
2138,0
2139,2
2140,7
2141,4
2142,1
2143,3
2144,8
2145,2
2146,0
2147,3
2148,7
2149,1
2150,2
2151,6
2152,0
2153,7
2154,9
2155,7
2156,4
2157,8
2158,9
2159,8
2160,8
2161,7
2162,0
2163,2
2164,2
2165,1
2166,0
2167,2
2168,0
2169,0
2170,6
2171,4
2172,4
2173,8
2174,7
2175,2
2176,2
2177,4
2178,2
2179,1
2180,2
2181,8
2182,2
2183,3
2184,3
2185,1
2186,9
2187,6
2188,3
2189,3
2190,8
2191,3
2192,4
2193,8
2194,7
2195,7
2196,8
2197,3
2198,5
2199,9
2200,5
2201,5
2202,8
2203,2
2204,1
2205,2
2206,7
2207,1
2208,5
2209,1
2210,4
2211,6
2212,6
2213,9
2214,6
2215,4
2216,4
2217,5
2218,8
2219,6
2220,1
2221,3
2222,2
2223,7
2224,7
2225,0
2226,4
2227,1
2228,9
2229,4
2230,1
2231,1
2232,2
2233,3
2234,2
2235,4
2236,8
2237,9
2238,1
2239,1
2240,1
2241,2
2242,2
2243,2
2244,9
2245,6
2246,4
2247,3
2248,7
2249,0
2250,1
2251,6
2252,5
2253,3
2254,1
2255,5
2256,2
2257,8
2258,2
2259,0
2260,5
2261,4
2262,0
2263,7
2264,9
2265,9
2266,2
2267,1
2268,6
2269,0
2270,1
2271,1
2272,1
2273,2
2274,3
2275,4
2276,0
2277,8
2278,4
2279,8
2280,5
2281,5
2282,3
2283,7
2284,0
2285,2
2286,7
2287,3
2288,0
2289,1
2290,3
2291,0
2292,3
2293,0
2294,4
2295,8
2296,5
2297,3
2298,3
2299,8
2300,1
2301,7
2302,6
2303,0
2304,3
2305,7
2306,9
2307,0
2308,2
2309,4
2310,8
2311,1
2312,5
2313,0
2314,4
2315,1
2316,0
2317,3
2318,1
2319,3
2320,9
2321,3
2322,7
2323,4
2324,0
2325,9
2326,2
2327,5
2328,3
2329,9
2330,7
2331,3
2332,3
2333,9
2334,2
2335,3
2336,9
2337,9
2338,9
2339,3
2340,8
2341,5
2342,1
2343,1
2344,7
2345,4
2346,7
2347,4
2348,4
2349,8
2350,1
2351,8
2352,1
2353,6
2354,1
2355,6
2356,9
2357,8
2358,8
2359,0
2360,7
2361,6
2362,1
2363,6
2364,6
2365,8
2366,3
2367,5
2368,9
2369,8
2370,5
2371,2
2372,7
2373,2
2374,1
2375,2
2376,7
2377,3
2378,5
2379,4
2380,6
2381,2
2382,8
2383,3
2384,0
2385,4
2386,2
2387,2
2388,3
2389,7
2390,8
2391,7
2392,3
2393,2
2394,2
2395,0
2396,5
2397,0
2398,0
2399,7
2400,2
2401,3
2402,7
2403,5
2404,7
2405,0
2406,1
2407,2
2408,6
2409,6
2410,6
2411,0
2412,0
2413,3
2414,6
2415,7
2416,4
2417,5
2418,3
2419,0
2420,8
2421,4
2422,2
2423,3
2424,1
2425,1
2426,8
2427,2
2428,4
2429,1
2430,8
2431,7
2432,3
2433,7
2434,9
2435,3
2436,0
2437,3
2438,3
2439,9
2440,7
2441,6
2442,0
2443,0
2444,5
2445,6
2446,0
2447,3
2448,8
2449,7
2450,0
2451,7
2452,9
2453,3
2454,8
2455,9
2456,6
2457,3
2458,8
2459,7
2460,1
2461,9
2462,1
2463,0
2464,1
2465,6
2466,7
2467,6
2468,8
2469,2
2470,3
2471,5
2472,6
2473,8
2474,4
2475,3
2476,5
2477,8
2478,1
2479,2
2480,5
2481,9
2482,4
2483,3
2484,0
2485,7
2486,1
2487,9
2488,5
2489,1
2490,9
2491,9
2492,1
2493,3
2494,7
2495,4
2496,9
2497,7
2498,8
2499,4
2500,0
2501,7
2502,7
2503,7
2504,5
2505,4
2506,2
2507,1
2508,0
2509,7
2510,4
2511,9
2512,1
2513,0
2514,7
2515,5
2516,1
2517,6
2518,2
2519,9
2520,4
2521,5
2522,5
2523,3
2524,7
2525,3
2526,1
2527,0
2528,4
2529,0
2530,0
2531,1
2532,2
2533,6
2534,0
2535,5
2536,9
2537,5
2538,3
2539,4
2540,2
2541,7
2542,3
2543,5
2544,9
2545,0
2546,6
2547,6
2548,2
2549,3
2550,6
2551,3
2552,3
2553,2
2554,1
2555,9
2556,3
2557,5
2558,9
2559,1
2560,0
2561,6
2562,9
2563,0
2564,0
2565,9
2566,0
2567,0
2568,3
2569,0
2570,8
2571,7
2572,8
2573,8
2574,4
2575,4
2576,2
2577,0
2578,9
2579,3
2580,7
2581,5
2582,7
2583,6
2584,8
2585,0
2586,7
2587,4
2588,9
2589,7
2590,9
2591,3
2592,8
2593,1
2594,6
2595,6
2596,1
2597,5
2598,9
2599,2
2600,5
2601,0
2602,3
2603,7
2604,7
2605,7
2606,6
2607,1
2608,4
2609,4
2610,7
2611,6
2612,5
2613,6
2614,2
2615,4
2616,3
2617,5
2618,9
2619,5
2620,6
2621,6
2622,6
2623,0
2624,6
2625,4
2626,5
2627,0
2628,6
2629,5
2630,9
2631,6
2632,5
2633,2
2634,4
2635,9
2636,6
2637,9
2638,2
2639,0
2640,1
2641,8
2642,1
2643,5
2644,1
2645,7
2646,7
2647,0
2648,9
2649,2
2650,7
2651,8
2652,5
2653,5
2654,9
2655,2
2656,6
2657,7
2658,6
2659,6
2660,3
2661,4
2662,6
2663,6
2664,2
2665,9
2666,9
2667,7
2668,1
2669,5
2670,9
2671,5
2672,5
2673,8
2674,5
2675,4
2676,6
2677,1
2678,5
2679,9
2680,6
2681,8
2682,3
2683,6
2684,4
2685,8
2686,0
2687,4
2688,0
2689,6
2690,0
2691,6
2692,8
2693,7
2694,7
2695,0
2696,7
2697,8
2698,3
2699,5
2700,4
2701,2
2702,9
2703,0
2704,6
2705,1
2706,7
2707,2
2708,3
2709,8
2710,3
2711,5
2712,6
2713,8
2714,4
2715,3
2716,1
2717,3
2718,1
2719,1
2720,7
2721,1
2722,4
2723,2
2724,6
2725,5
2726,4
2727,0
2728,5
2729,5
2730,9
2731,0
2732,4
2733,5
2734,8
2735,2
2736,7
2737,3
2738,5
2739,0
2740,6
2741,7
2742,4
2743,9
2744,6
2745,8
2746,9
2747,3
2748,9
2749,8
2750,9
2751,3
2752,7
2753,5
2754,8
2755,6
2756,0
2757,5
2758,9
2759,7
2760,9
2761,1
2762,3
2763,7
2764,1
2765,3
2766,0
2767,3
2768,4
2769,9
2770,9
2771,0
2772,2
2773,4
2774,6
2775,8
2776,9
2777,0
2778,7
2779,4
2780,6
2781,1
2782,5
2783,6
2784,0
2785,1
2786,7
2787,9
2788,1
2789,8
2790,9
2791,0
2792,9
2793,8
2794,7
2795,4
2796,3
2797,3
2798,3
2799,4
2800,3
2801,3
2802,8
2803,8
2804,7
2805,5
2806,2
2807,0
2808,1
2809,6
2810,6
2811,4
2812,2
2813,5
2814,5
2815,9
2816,2
2817,2
2818,0
2819,3
2820,2
2821,0
2822,7
2823,5
2824,5
2825,3
2826,9
2827,4
2828,7
2829,4
2830,3
2831,1
2832,6
2833,1
2834,5
2835,9
2836,9
2837,4
2838,5
2839,8
2840,7
2841,8
2842,2
2843,2
2844,7
2845,7
2846,5
2847,3
2848,7
2849,6
2850,4
2851,6
2852,7
2853,7
2854,9
2855,2
2856,8
2857,5
2858,2
2859,8
2860,0
2861,0
2862,2
2863,8
2864,9
2865,3
2866,5
2867,3
2868,2
2869,2
2870,3
2871,2
2872,5
2873,4
2874,5
2875,2
2876,7
2877,4
2878,5
2879,1
2880,0
2881,3
2882,5
2883,4
2884,9
2885,2
2886,2
2887,0
2888,9
2889,0
2890,4
2891,2
2892,7
2893,2
2894,0
2895,0
2896,3
2897,1
2898,1
2899,1
2900,8
2901,6
2902,1
2903,1
2904,1
2905,8
2906,8
2907,9
2908,6
2909,9
2910,1
2911,8
2912,4
2913,5
2914,9
2915,9
2916,0
2917,0
2918,7
2919,1
2920,8
2921,6
2922,4
2923,2
2924,8
2925,3
2926,5
2927,2
2928,6
2929,3
2930,6
2931,6
2932,2
2933,7
2934,3
2935,2
2936,7
2937,1
2938,8
2939,8
2940,9
2941,4
2942,0
2943,5
2944,6
2945,4
2946,3
2947,7
2948,2
2949,3
2950,4
2951,1
2952,8
2953,9
2954,6
2955,6
2956,9
2957,2
2958,2
2959,5
2960,5
2961,8
2962,4
2963,1
2964,5
2965,3
2966,3
2967,4
2968,2
2969,4
2970,7
2971,5
2972,4
2973,0
2974,1
2975,2
2976,1
2977,5
2978,8
2979,9
2980,8
2981,4
2982,1
2983,3
2984,5
2985,8
2986,9
2987,2
2988,0
2989,4
2990,8
2991,7
2992,1
2993,0
2994,0
2995,6
2996,7
2997,3
2998,2
2999,8
3000,9
3001,5
3002,0
3003,0
3004,2
3005,3
3006,8
3007,3
3008,9
3009,0
3010,7
3011,5
3012,9
3013,0
3014,1
3015,9
3016,5
3017,3
3018,3
3019,0
3020,8
3021,0
3022,2
3023,5
3024,9
3025,1
3026,2
3027,4
3028,1
3029,1
3030,8
3031,0
3032,6
3033,8
3034,7
3035,8
3036,4
3037,8
3038,8
3039,4
3040,0
3041,3
3042,0
3043,7
3044,1
3045,5
3046,9
3047,2
3048,2
3049,6
3050,3
3051,0
3052,8
3053,4
3054,5
3055,0
3056,5
3057,9
3058,1
3059,3
3060,1
3061,7
3062,0
3063,3
3064,1
3065,3
3066,6
3067,6
3068,9
3069,8
3070,7
3071,9
3072,5
3073,2
3074,1
3075,7
3076,1
3077,9
3078,6
3079,0
3080,5
3081,9
3082,6
3083,7
3084,2
3085,4
3086,4
3087,5
3088,8
3089,0
3090,8
3091,3
3092,8
3093,2
3094,6
3095,0
3096,3
3097,7
3098,2
3099,5
3100,7
3101,1
3102,0
3103,3
3104,9
3105,8
3106,8
3107,0
3108,1
3109,8
3110,1
3111,1
3112,3
3113,4
3114,0
3115,1
3116,4
3117,4
3118,0
3119,8
3120,7
3121,8
3122,8
3123,2
3124,8
3125,6
3126,7
3127,5
3128,1
3129,0
3130,7
3131,3
3132,6
3133,6
3134,7
3135,1
3136,5
3137,5
3138,9
3139,2
3140,0
3141,7
3142,0
3143,3
3144,2
3145,2
3146,4
3147,1
3148,7
3149,9
3150,3
3151,6
3152,5
3153,4
3154,1
3155,8
3156,1
3157,9
3158,4
3159,0
3160,6
3161,9
3162,7
3163,4
3164,6
3165,5
3166,2
3167,8
3168,8
3169,2
3170,8
3171,1
3172,5
3173,1
3174,9
3175,7
3176,2
3177,2
3178,9
3179,0
3180,7
3181,9
3182,5
3183,7
3184,9
3185,2
3186,4
3187,2
3188,9
3189,0
3190,8
3191,9
3192,1
3193,9
3194,8
3195,0
3196,0
3197,8
3198,7
3199,7
3200,0
3201,1
3202,9
3203,4
3204,7
3205,3
3206,7
3207,4
3208,8
3209,0
3210,0
3211,2
3212,4
3213,7
3214,3
3215,9
3216,2
3217,2
3218,3
3219,7
3220,0
3221,5
3222,0
3223,3
3224,5
3225,5
3226,0
3227,6
3228,3
3229,7
3230,9
3231,2
3232,9
3233,2
3234,2
3235,2
3236,8
3237,5
3238,8
3239,8
3240,8
3241,7
3242,0
3243,1
3244,9
3245,6
3246,1
3247,0
3248,5
3249,5
3250,1
3251,9
3252,6
3253,3
3254,2
3255,7
3256,8
3257,7
3258,3
3259,7
3260,7
3261,6
3262,3
3263,7
3264,9
3265,4
3266,6
3267,3
3268,4
3269,1
3270,5
3271,7
3272,9
3273,0
3274,9
3275,4
3276,4
3277,3
3278,2
3279,2
3280,5
3281,4
3282,8
3283,8
3284,0
3285,1
3286,4
3287,8
3288,4
3289,4
3290,4
3291,8
3292,3
3293,8
3294,5
3295,8
3296,5
3297,4
3298,5
3299,2
3300,4
3301,0
3302,3
3303,9
3304,7
3305,1
3306,7
3307,4
3308,1
3309,5
3310,5
3311,2
3312,8
3313,1
3314,1
3315,8
3316,9
3317,2
3318,6
3319,7
3320,5
3321,9
3322,3
3323,2
3324,9
3325,5
3326,3
3327,8
3328,7
3329,6
3330,0
3331,3
3332,8
3333,1
3334,4
3335,6
3336,1
3337,5
3338,8
3339,8
3340,8
3341,9
3342,4
3343,9
3344,1
3345,0
3346,4
3347,9
3348,1
3349,1
3350,2
3351,8
3352,6
3353,7
3354,6
3355,5
3356,1
3357,7
3358,3
3359,6
3360,6
3361,2
3362,8
3363,5
3364,3
3365,1
3366,8
3367,3
3368,0
3369,9
3370,3
3371,2
3372,4
3373,1
3374,8
3375,5
3376,9
3377,3
3378,6
3379,0
3380,0
3381,5
3382,9
3383,7
3384,0
3385,1
3386,6
3387,4
3388,8
3389,0
3390,9
3391,5
3392,3
3393,4
3394,8
3395,5
3396,2
3397,7
3398,4
3399,0
3400,7
3401,8
3402,5
3403,0
3404,6
3405,0
3406,3
3407,4
3408,4
3409,5
3410,9
3411,6
3412,9
3413,8
3414,1
3415,1
3416,6
3417,7
3418,8
3419,9
3420,3
3421,6
3422,4
3423,5
3424,0
3425,8
3426,5
3427,7
3428,7
3429,4
3430,2
3431,4
3432,8
3433,8
3434,6
3435,1
3436,4
3437,0
3438,1
3439,0
3440,0
3441,8
3442,5
3443,3
3444,4
3445,2
3446,0
3447,3
3448,5
3449,4
3450,4
3451,2
3452,9
3453,3
3454,9
3455,8
3456,8
3457,1
3458,5
3459,7
3460,2
3461,9
3462,0
3463,9
3464,6
3465,9
3466,7
3467,6
3468,1
3469,8
3470,4
3471,1
3472,1
3473,2
3474,3
3475,3
3476,6
3477,6
3478,1
3479,2
3480,5
3481,9
3482,4
3483,4
3484,3
3485,3
3486,8
3487,3
3488,4
3489,8
3490,8
3491,4
3492,7
3493,4
3494,1
3495,0
3496,2
3497,4
3498,1
3499,5
3500,0
3501,2
3502,4
3503,1
3504,2
3505,0
3506,3
3507,1
3508,6
3509,2
3510,7
3511,8
3512,2
3513,9
3514,4
3515,6
3516,0
3517,5
3518,6
3519,1
3520,8
3521,7
3522,8
3523,2
3524,2
3525,4
3526,0
3527,0
3528,3
3529,7
3530,7
3531,8
3532,0
3533,0
3534,8
3535,0
3536,5
3537,9
3538,4
3539,2
3540,0
3541,8
3542,2
3543,4
3544,6
3545,6
3546,2
3547,1
3548,0
3549,0
3550,1
3551,0
3552,9
3553,1
3554,6
3555,4
3556,9
3557,7
3558,4
3559,6
3560,6
3561,9
3562,9
3563,0
3564,9
3565,4
3566,1
3567,3
3568,4
3569,1
3570,5
3571,7
3572,4
3573,7
3574,1
3575,6
3576,4
3577,9
3578,2
3579,6
3580,2
3581,9
3582,9
3583,7
3584,3
3585,4
3586,9
3587,9
3588,3
3589,3
3590,2
3591,8
3592,3
3593,1
3594,5
3595,8
3596,1
3597,6
3598,5
3599,3
3600,3
3601,5
3602,7
3603,9
3604,3
3605,3
3606,9
3607,9
3608,3
3609,0
3610,6
3611,3
3612,8
3613,5
3614,5
3615,6
3616,8
3617,0
3618,2
3619,5
3620,4
3621,5
3622,8
3623,1
3624,3
3625,4
3626,7
3627,7
3628,5
3629,1
3630,9
3631,1
3632,9
3633,1
3634,3
3635,9
3636,4
3637,9
3638,1
3639,0
3640,9
3641,9
3642,6
3643,1
3644,9
3645,9
3646,1
3647,4
3648,4
3649,2
3650,9
3651,5
3652,8
3653,6
3654,8
3655,7
3656,0
3657,9
3658,6
3659,1
3660,5
3661,9
3662,1
3663,9
3664,1
3665,9
3666,8
3667,2
3668,3
3669,0
3670,6
3671,8
3672,2
3673,1
3674,7
3675,7
3676,6
3677,1
3678,4
3679,2
3680,0
3681,6
3682,2
3683,8
3684,9
3685,2
3686,2
3687,3
3688,7
3689,5
3690,3
3691,0
3692,4
3693,4
3694,7
3695,7
3696,2
3697,9
3698,6
3699,9
3700,2
3701,6
3702,5
3703,8
3704,7
3705,2
3706,7
3707,0
3708,1
3709,3
3710,6
3711,0
3712,3
3713,2
3714,9
3715,5
3716,2
3717,4
3718,2
3719,6
3720,3
3721,4
3722,0
3723,2
3724,0
3725,7
3726,4
3727,4
3728,3
3729,8
3730,6
3731,6
3732,4
3733,5
3734,2
3735,2
3736,5
3737,5
3738,3
3739,8
3740,1
3741,9
3742,4
3743,0
3744,1
3745,6
3746,5
3747,1
3748,0
3749,1
3750,3
3751,5
3752,4
3753,5
3754,9
3755,1
3756,5
3757,2
3758,5
3759,8
3760,8
3761,5
3762,2
3763,6
3764,9
3765,3
3766,3
3767,9
3768,1
3769,5
3770,6
3771,2
3772,6
3773,8
3774,2
3775,2
3776,1
3777,5
3778,8
3779,9
3780,6
3781,6
3782,7
3783,5
3784,0
3785,4
3786,2
3787,1
3788,8
3789,1
3790,5
3791,2
3792,5
3793,0
3794,3
3795,2
3796,2
3797,4
3798,4
3799,6
3800,3
3801,0
3802,3
3803,3
3804,3
3805,7
3806,2
3807,6
3808,0
3809,6
3810,3
3811,6
3812,6
3813,5
3814,6
3815,5
3816,9
3817,4
3818,0
3819,6
3820,9
3821,7
3822,8
3823,6
3824,3
3825,8
3826,7
3827,6
3828,3
3829,9
3830,1
3831,2
3832,1
3833,6
3834,8
3835,1
3836,7
3837,2
3838,4
3839,5
3840,8
3841,9
3842,8
3843,9
3844,5
3845,4
3846,8
3847,2
3848,3
3849,7
3850,9
3851,4
3852,7
3853,5
3854,4
3855,9
3856,6
3857,1
3858,1
3859,6
3860,4
3861,2
3862,1
3863,0
3864,6
3865,7
3866,4
3867,1
3868,1
3869,3
3870,9
3871,4
3872,9
3873,8
3874,0
3875,8
3876,1
3877,6
3878,4
3879,0
3880,2
3881,1
3882,5
3883,9
3884,8
3885,1
3886,2
3887,5
3888,7
3889,4
3890,6
3891,9
3892,2
3893,5
3894,0
3895,8
3896,2
3897,6
3898,1
3899,8
3900,9
3901,6
3902,5
3903,8
3904,4
3905,0
3906,4
3907,0
3908,1
3909,9
3910,9
3911,2
3912,5
3913,2
3914,8
3915,1
3916,1
3917,1
3918,9
3919,6
3920,9
3921,9
3922,5
3923,2
3924,3
3925,8
3926,1
3927,1
3928,8
3929,1
3930,4
3931,2
3932,5
3933,6
3934,5
3935,3
3936,0
3937,5
3938,3
3939,5
3940,1
3941,8
3942,7
3943,5
3944,4
3945,5
3946,8
3947,5
3948,7
3949,5
3950,0
3951,7
3952,1
3953,7
3954,3
3955,1
3956,1
3957,7
3958,3
3959,8
3960,8
3961,2
3962,6
3963,7
3964,4
3965,7
3966,2
3967,4
3968,8
3969,7
3970,3
3971,3
3972,5
3973,8
3974,7
3975,4
3976,1
3977,8
3978,6
3979,7
3980,7
3981,5
3982,0
3983,3
3984,0
3985,5
3986,0
3987,9
3988,0
3989,0
3990,5
3991,1
3992,5
3993,6
3994,8
3995,8
3996,6
3997,4
3998,7
3999,5
4000,6
4001,3
4002,9
4003,2
4004,5
4005,0
4006,6
4007,1
4008,5
4009,1
4010,7
4011,6
4012,0
4013,1
4014,4
4015,2
4016,8
4017,4
4018,8
4019,6
4020,8
4021,1
4022,8
4023,0
4024,4
4025,9
4026,4
4027,6
4028,8
4029,6
4030,7
4031,1
4032,2
4033,0
4034,3
4035,5
4036,6
4037,6
4038,9
4039,5
4040,6
4041,4
4042,8
4043,5
4044,7
4045,3
4046,3
4047,5
4048,4
4049,5
4050,7
4051,7
4052,6
4053,6
4054,5
4055,5
4056,0
4057,8
4058,6
4059,1
4060,9
4061,5
4062,8
4063,5
4064,1
4065,0
4066,0
4067,2
4068,7
4069,6
4070,7
4071,6
4072,9
4073,5
4074,7
4075,3
4076,8
4077,5
4078,5
4079,3
4080,2
4081,9
4082,5
4083,7
4084,4
4085,8
4086,2
4087,3
4088,5
4089,9
4090,3
4091,7
4092,4
4093,6
4094,9
4095,5
4096,8
4097,2
4098,3
4099,1
4100,2
4101,9
4102,1
4103,1
4104,7
4105,9
4106,0
4107,0
4108,3
4109,5
4110,9
4111,6
4112,9
4113,7
4114,8
4115,2
4116,0
4117,2
4118,5
4119,0
4120,7
4121,1
4122,6
4123,7
4124,6
4125,2
4126,5
4127,2
4128,8
4129,0
4130,8
4131,6
4132,2
4133,5
4134,9
4135,3
4136,7
4137,6
4138,6
4139,2
4140,4
4141,6
4142,3
4143,3
4144,4
4145,7
4146,6
4147,0
4148,4
4149,4
4150,0
4151,9
4152,4
4153,7
4154,4
4155,6
4156,1
4157,2
4158,7
4159,8
4160,7
4161,4
4162,9
4163,2
4164,8
4165,6
4166,0
4167,2
4168,8
4169,2
4170,0
4171,7
4172,0
4173,0
4174,4
4175,4
4176,7
4177,7
4178,2
4179,9
4180,3
4181,9
4182,4
4183,6
4184,6
4185,1
4186,1
4187,9
4188,1
4189,4
4190,8
4191,9
4192,4
4193,2
4194,2
4195,8
4196,8
4197,5
4198,5
4199,1
4200,8
4201,0
4202,6
4203,1
4204,4
4205,4
4206,2
4207,1
4208,8
4209,7
4210,2
4211,6
4212,2
4213,4
4214,4
4215,3
4216,3
4217,8
4218,3
4219,3
4220,3
4221,3
4222,4
4223,2
4224,7
4225,1
4226,5
4227,5
4228,9
4229,8
4230,3
4231,3
4232,0
4233,3
4234,5
4235,4
4236,5
4237,7
4238,3
4239,8
4240,2
4241,9
4242,3
4243,2
4244,8
4245,1
4246,9
4247,6
4248,3
4249,0
4250,2
4251,0
4252,6
4253,9
4254,4
4255,5
4256,1
4257,8
4258,4
4259,3
4260,0
4261,3
4262,2
4263,5
4264,7
4265,8
4266,0
4267,2
4268,5
4269,2
4270,8
4271,9
4272,7
4273,3
4274,6
4275,3
4276,2
4277,0
4278,5
4279,2
4280,0
4281,5
4282,8
4283,4
4284,3
4285,1
4286,5
4287,3
4288,1
4289,1
4290,8
4291,9
4292,4
4293,2
4294,0
4295,8
4296,8
4297,6
4298,9
4299,9
4300,3
4301,7
4302,6
4303,8
4304,6
4305,6
4306,3
4307,6
4308,3
4309,4
4310,8
4311,7
4312,7
4313,6
4314,7
4315,0
4316,8
4317,6
4318,9
4319,5
4320,9
4321,4
4322,0
4323,5
4324,9
4325,4
4326,2
4327,2
4328,9
4329,3
4330,2
4331,2
4332,1
4333,3
4334,8
4335,6
4336,1
4337,7
4338,5
4339,6
4340,2
4341,8
4342,1
4343,9
4344,2
4345,4
4346,5
4347,4
4348,1
4349,5
4350,6
4351,5
4352,5
4353,0
4354,0
4355,4
4356,9
4357,1
4358,6
4359,8
4360,9
4361,5
4362,1
4363,4
4364,3
4365,4
4366,9
4367,1
4368,5
4369,8
4370,0
4371,8
4372,2
4373,3
4374,8
4375,7
4376,4
4377,5
4378,4
4379,3
4380,3
4381,6
4382,0
4383,9
4384,4
4385,9
4386,2
4387,9
4388,1
4389,5
4390,5
4391,6
4392,0
4393,8
4394,8
4395,6
4396,5
4397,4
4398,6
4399,6
4400,7
4401,4
4402,2
4403,3
4404,1
4405,0
4406,1
4407,9
4408,2
4409,5
4410,1
4411,1
4412,7
4413,3
4414,4
4415,7
4416,7
4417,4
4418,6
4419,8
4420,5
4421,6
4422,0
4423,6
4424,7
4425,5
4426,4
4427,6
4428,5
4429,7
4430,8
4431,3
4432,7
4433,1
4434,5
4435,3
4436,1
4437,3
4438,4
4439,2
4440,3
4441,1
4442,8
4443,7
4444,6
4445,0
4446,1
4447,4
4448,6
4449,6
4450,4
4451,7
4452,4
4453,0
4454,4
4455,8
4456,7
4457,7
4458,8
4459,0
4460,6
4461,5
4462,5
4463,5
4464,8
4465,7
4466,2
4467,7
4468,3
4469,3
4470,4
4471,8
4472,8
4473,5
4474,3
4475,5
4476,2
4477,2
4478,4
4479,5
4480,4
4481,5
4482,7
4483,4
4484,4
4485,0
4486,5
4487,1
4488,5
4489,9
4490,9
4491,6
4492,8
4493,5
4494,2
4495,7
4496,1
4497,8
4498,8
4499,0
4500,6
4501,6
4502,1
4503,0
4504,5
4505,5
4506,3
4507,3
4508,5
4509,3
4510,3
4511,6
4512,9
4513,7
4514,0
4515,3
4516,3
4517,3
4518,7
4519,3
4520,3
4521,5
4522,0
4523,1
4524,1
4525,9
4526,8
4527,8
4528,7
4529,9
4530,7
4531,8
4532,8
4533,2
4534,2
4535,9
4536,4
4537,8
4538,7
4539,8
4540,5
4541,8
4542,5
4543,3
4544,3
4545,9
4546,9
4547,6
4548,2
4549,2
4550,7
4551,9
4552,3
4553,4
4554,3
4555,4
4556,0
4557,5
4558,4
4559,8
4560,1
4561,6
4562,1
4563,1
4564,8
4565,5
4566,6
4567,7
4568,3
4569,8
4570,5
4571,1
4572,3
4573,6
4574,6
4575,0
4576,0
4577,2
4578,0
4579,9
4580,1
4581,3
4582,2
4583,4
4584,7
4585,6
4586,3
4587,2
4588,9
4589,2
4590,6
4591,2
4592,6
4593,2
4594,0
4595,2
4596,9
4597,9
4598,9
4599,8
4600,3
4601,4
4602,7
4603,1
4604,1
4605,8
4606,0
4607,4
4608,0
4609,9
4610,8
4611,5
4612,4
4613,0
4614,1
4615,4
4616,4
4617,7
4618,1
4619,3
4620,6
4621,1
4622,9
4623,7
4624,8
4625,6
4626,7
4627,7
4628,6
4629,8
4630,6
4631,9
4632,4
4633,9
4634,2
4635,1
4636,5
4637,1
4638,1
4639,4
4640,8
4641,0
4642,7
4643,0
4644,7
4645,1
4646,3
4647,4
4648,4
4649,0
4650,8
4651,6
4652,9
4653,8
4654,1
4655,0
4656,8
4657,5
4658,7
4659,2
4660,4
4661,3
4662,0
4663,1
4664,9
4665,3
4666,5
4667,5
4668,1
4669,5
4670,8
4671,6
4672,2
4673,9
4674,9
4675,0
4676,3
4677,7
4678,0
4679,8
4680,0
4681,5
4682,2
4683,0
4684,9
4685,0
4686,8
4687,3
4688,7
4689,0
4690,1
4691,4
4692,2
4693,1
4694,6
4695,6
4696,3
4697,8
4698,7
4699,6
4700,6
4701,6
4702,5
4703,4
4704,5
4705,3
4706,4
4707,1
4708,8
4709,3
4710,2
4711,5
4712,1
4713,4
4714,3
4715,1
4716,9
4717,9
4718,6
4719,2
4720,5
4721,2
4722,5
4723,0
4724,9
4725,2
4726,3
4727,5
4728,5
4729,7
4730,3
4731,1
4732,9
4733,4
4734,9
4735,6
4736,6
4737,9
4738,3
4739,6
4740,1
4741,1
4742,8
4743,5
4744,0
4745,5
4746,1
4747,8
4748,6
4749,9
4750,4
4751,0
4752,8
4753,7
4754,4
4755,7
4756,0
4757,5
4758,5
4759,5
4760,9
4761,6
4762,2
4763,7
4764,7
4765,6
4766,2
4767,3
4768,7
4769,1
4770,0
4771,7
4772,8
4773,7
4774,8
4775,3
4776,6
4777,9
4778,6
4779,9
4780,2
4781,1
4782,3
4783,6
4784,1
4785,0
4786,0
4787,3
4788,4
4789,2
4790,1
4791,1
4792,7
4793,7
4794,8
4795,8
4796,7
4797,7
4798,3
4799,7
4800,1
4801,5
4802,6
4803,1
4804,9
4805,1
4806,0
4807,6
4808,0
4809,5
4810,8
4811,1
4812,1
4813,5
4814,3
4815,8
4816,1
4817,4
4818,1
4819,8
4820,3
4821,1
4822,4
4823,7
4824,0
4825,8
4826,3
4827,8
4828,1
4829,2
4830,2
4831,0
4832,5
4833,9
4834,1
4835,2
4836,1
4837,7
4838,3
4839,3
4840,0
4841,9
4842,0
4843,9
4844,2
4845,5
4846,0
4847,4
4848,1
4849,5
4850,5
4851,7
4852,0
4853,5
4854,8
4855,4
4856,2
4857,9
4858,0
4859,6
4860,4
4861,5
4862,8
4863,7
4864,0
4865,0
4866,4
4867,4
4868,0
4869,8
4870,6
4871,8
4872,6
4873,2
4874,4
4875,5
4876,4
4877,1
4878,3
4879,8
4880,4
4881,5
4882,1
4883,9
4884,2
4885,1
4886,5
4887,6
4888,4
4889,3
4890,2
4891,1
4892,6
4893,8
4894,9
4895,4
4896,6
4897,1
4898,0
4899,8
4900,6
4901,8
4902,6
4903,4
4904,8
4905,4
4906,2
4907,6
4908,0
4909,2
4910,9
4911,3
4912,8
4913,6
4914,5
4915,7
4916,0
4917,6
4918,4
4919,4
4920,0
4921,0
4922,0
4923,4
4924,0
4925,9
4926,3
4927,2
4928,1
4929,5
4930,5
4931,7
4932,4
4933,9
4934,9
4935,9
4936,8
4937,2
4938,1
4939,6
4940,2
4941,3
4942,1
4943,3
4944,7
4945,5
4946,9
4947,5
4948,7
4949,2
4950,1
4951,3
4952,3
4953,3
4954,4
4955,5
4956,9
4957,8
4958,3
4959,3
4960,0
4961,7
4962,6
4963,1
4964,6
4965,3
4966,5
4967,0
4968,8
4969,7
4970,5
4971,7
4972,1
4973,1
4974,5
4975,0
4976,2
4977,1
4978,6
4979,6
4980,2
4981,7
4982,0
4983,0
4984,4
4985,9
4986,7
4987,0
4988,4
4989,8
4990,7
4991,6
4992,9
4993,7
4994,0
4995,9
4996,4
4997,5
4998,3
4999,2
5000,0
5001,8
5002,5
5003,5
5004,0
5005,1
5006,9
5007,7
5008,8
5009,2
5010,0
5011,5
5012,6
5013,9
5014,3
5015,9
5016,8
5017,7
5018,5
5019,0
5020,8
5021,7
5022,5
5023,8
5024,0
5025,2
5026,8
5027,2
5028,0
5029,4
5030,4
5031,5
5032,5
5033,9
5034,9
5035,3
5036,0
5037,6
5038,7
5039,8
5040,7
5041,2
5042,4
5043,5
5044,2
5045,8
5046,7
5047,8
5048,5
5049,1
5050,3
5051,0
5052,5
5053,8
5054,2
5055,5
5056,9
5057,5
5058,7
5059,2
5060,9
5061,6
5062,7
5063,1
5064,8
5065,1
5066,8
5067,1
5068,3
5069,6
5070,3
5071,9
5072,6
5073,7
5074,0
5075,3
5076,8
5077,0
5078,4
5079,3
5080,8
5081,7
5082,8
5083,0
5084,9
5085,4
5086,7
5087,3
5088,2
5089,3
5090,8
5091,1
5092,5
5093,4
5094,8
5095,5
5096,4
5097,8
5098,4
5099,5
5100,8
5101,6
5102,0
5103,7
5104,3
5105,7
5106,2
5107,4
5108,6
5109,7
5110,2
5111,5
5112,5
5113,9
5114,2
5115,6
5116,9
5117,1
5118,2
5119,8
5120,2
5121,2
5122,6
5123,9
5124,0
5125,3
5126,7
5127,8
5128,2
5129,8
5130,6
5131,6
5132,8
5133,7
5134,1
5135,8
5136,0
5137,0
5138,1
5139,3
5140,6
5141,1
5142,8
5143,9
5144,1
5145,6
5146,6
5147,4
5148,6
5149,5
5150,6
5151,1
5152,8
5153,8
5154,8
5155,9
5156,2
5157,1
5158,2
5159,7
5160,3
5161,9
5162,5
5163,3
5164,9
5165,2
5166,2
5167,5
5168,2
5169,4
5170,0
5171,2
5172,4
5173,4
5174,2
5175,6
5176,1
5177,6
5178,2
5179,3
5180,2
5181,8
5182,0
5183,8
5184,8
5185,2
5186,4
5187,6
5188,9
5189,3
5190,7
5191,1
5192,6
5193,4
5194,4
5195,5
5196,8
5197,5
5198,4
5199,8
5200,8
5201,8
5202,6
5203,9
5204,7
5205,3
5206,6
5207,4
5208,8
5209,1
5210,1
5211,0
5212,7
5213,7
5214,9
5215,5
5216,7
5217,8
5218,4
5219,1
5220,3
5221,4
5222,0
5223,9
5224,3
5225,0
5226,0
5227,9
5228,3
5229,6
5230,9
5231,5
5232,4
5233,5
5234,2
5235,3
5236,6
5237,2
5238,6
5239,0
5240,6
5241,9
5242,5
5243,7
5244,9
5245,5
5246,6
5247,6
5248,4
5249,5
5250,2
5251,1
5252,8
5253,4
5254,6
5255,6
5256,9
5257,5
5258,7
5259,8
5260,5
5261,4
5262,1
5263,3
5264,0
5265,5
5266,5
5267,1
5268,9
5269,1
5270,6
5271,2
5272,2
5273,7
5274,4
5275,6
5276,0
5277,6
5278,1
5279,8
5280,7
5281,6
5282,8
5283,2
5284,7
5285,3
5286,4
5287,6
5288,9
5289,2
5290,2
5291,5
5292,9
5293,2
5294,0
5295,7
5296,6
5297,0
5298,1
5299,5
5300,4
5301,8
5302,3
5303,4
5304,4
5305,0
5306,6
5307,0
5308,0
5309,3
5310,3
5311,9
5312,5
5313,1
5314,7
5315,7
5316,7
5317,7
5318,0
5319,3
5320,9
5321,8
5322,4
5323,7
5324,4
5325,1
5326,4
5327,9
5328,3
5329,6
5330,8
5331,3
5332,6
5333,3
5334,5
5335,6
5336,5
5337,6
5338,3
5339,2
5340,6
5341,3
5342,9
5343,3
5344,8
5345,3
5346,4
5347,5
5348,2
5349,6
5350,8
5351,1
5352,1
5353,9
5354,4
5355,7
5356,8
5357,9
5358,6
5359,4
5360,8
5361,3
5362,6
5363,0
5364,1
5365,2
5366,0
5367,8
5368,6
5369,3
5370,8
5371,5
5372,4
5373,4
5374,1
5375,8
5376,7
5377,8
5378,1
5379,3
5380,5
5381,2
5382,8
5383,8
5384,2
5385,2
5386,5
5387,4
5388,3
5389,8
5390,9
5391,9
5392,1
5393,7
5394,9
5395,7
5396,6
5397,5
5398,6
5399,7
5400,2
5401,8
5402,9
5403,7
5404,1
5405,8
5406,4
5407,4
5408,4
5409,4
5410,5
5411,0
5412,0
5413,2
5414,5
5415,2
5416,0
5417,8
5418,4
5419,5
5420,1
5421,6
5422,2
5423,6
5424,2
5425,0
5426,2
5427,2
5428,5
5429,0
5430,3
5431,9
5432,4
5433,4
5434,4
5435,3
5436,7
5437,6
5438,3
5439,0
5440,4
5441,0
5442,2
5443,3
5444,6
5445,2
5446,6
5447,6
5448,3
5449,8
5450,1
5451,5
5452,7
5453,3
5454,2
5455,0
5456,2
5457,8
5458,4
5459,3
5460,3
5461,4
5462,2
5463,9
5464,7
5465,8
5466,3
5467,4
5468,4
5469,2
5470,7
5471,6
5472,7
5473,3
5474,8
5475,1
5476,2
5477,4
5478,4
5479,0
5480,2
5481,5
5482,1
5483,4
5484,4
5485,4
5486,2
5487,8
5488,5
5489,1
5490,5
5491,0
5492,2
5493,6
5494,3
5495,0
5496,4
5497,2
5498,8
5499,3
5500,2
5501,1
5502,9
5503,1
5504,9
5505,1
5506,1
5507,8
5508,4
5509,5
5510,6
5511,4
5512,1
5513,3
5514,6
5515,0
5516,3
5517,1
5518,3
5519,0
5520,3
5521,5
5522,6
5523,0
5524,4
5525,6
5526,1
5527,3
5528,8
5529,1
5530,4
5531,2
5532,4
5533,7
5534,8
5535,5
5536,5
5537,2
5538,5
5539,2
5540,6
5541,0
5542,4
5543,2
5544,4
5545,4
5546,3
5547,6
5548,3
5549,4
5550,9
5551,1
5552,4
5553,6
5554,6
5555,6
5556,5
5557,3
5558,7
5559,2
5560,5
5561,2
5562,9
5563,2
5564,1
5565,5
5566,6
5567,3
5568,4
5569,1
5570,2
5571,6
5572,1
5573,1
5574,0
5575,6
5576,0
5577,4
5578,0
5579,0
5580,7
5581,1
5582,6
5583,5
5584,5
5585,9
5586,6
5587,9
5588,3
5589,9
5590,8
5591,6
5592,3
5593,7
5594,1
5595,2
5596,7
5597,2
5598,9
5599,3
5600,3
5601,7
5602,4
5603,3
5604,2
5605,2
5606,6
5607,8
5608,8
5609,5
5610,9
5611,6
5612,4
5613,9
5614,2
5615,6
5616,5
5617,9
5618,4
5619,5
5620,3
5621,2
5622,9
5623,1
5624,9
5625,0
5626,0
5627,0
5628,7
5629,6
5630,4
5631,3
5632,0
5633,3
5634,5
5635,0
5636,0
5637,1
5638,2
5639,0
5640,7
5641,7
5642,8
5643,5
5644,1
5645,3
5646,6
5647,7
5648,1
5649,9
5650,1
5651,5
5652,9
5653,2
5654,1
5655,7
5656,4
5657,6
5658,5
5659,6
5660,8
5661,1
5662,9
5663,1
5664,6
5665,5
5666,7
5667,5
5668,0
5669,6
5670,7
5671,7
5672,0
5673,2
5674,4
5675,8
5676,2
5677,2
5678,7
5679,6
5680,0
5681,1
5682,9
5683,2
5684,2
5685,4
5686,0
5687,9
5688,6
5689,6
5690,3
5691,4
5692,9
5693,2
5694,7
5695,0
5696,1
5697,8
5698,4
5699,6
5700,5
5701,4
5702,6
5703,7
5704,9
5705,9
5706,3
5707,2
5708,6
5709,2
5710,0
5711,7
5712,5
5713,5
5714,2
5715,8
5716,2
5717,6
5718,7
5719,6
5720,9
5721,2
5722,5
5723,5
5724,6
5725,2
5726,1
5727,5
5728,5
5729,1
5730,3
5731,9
5732,8
5733,8
5734,4
5735,3
5736,5
5737,7
5738,7
5739,9
5740,2
5741,0
5742,8
5743,8
5744,2
5745,3
5746,9
5747,3
5748,4
5749,2
5750,2
5751,0
5752,7
5753,9
5754,2
5755,8
5756,6
5757,6
5758,0
5759,3
5760,4
5761,8
5762,6
5763,9
5764,2
5765,2
5766,3
5767,1
5768,6
5769,6
5770,3
5771,7
5772,7
5773,3
5774,0
5775,0
5776,4
5777,4
5778,3
5779,8
5780,3
5781,5
5782,5
5783,2
5784,3
5785,8
5786,4
5787,8
5788,0
5789,0
5790,4
5791,3
5792,0
5793,6
5794,1
5795,7
5796,0
5797,9
5798,2
5799,7
5800,9
5801,1
5802,5
5803,0
5804,9
5805,0
5806,2
5807,3
5808,9
5809,4
5810,9
5811,8
5812,7
5813,7
5814,6
5815,5
5816,4
5817,3
5818,4
5819,0
5820,5
5821,6
5822,5
5823,1
5824,8
5825,9
5826,5
5827,6
5828,3
5829,3
5830,7
5831,4
5832,1
5833,1
5834,7
5835,1
5836,2
5837,3
5838,7
5839,8
5840,5
5841,3
5842,0
5843,6
5844,3
5845,1
5846,7
5847,1
5848,1
5849,1
5850,6
5851,5
5852,8
5853,0
5854,1
5855,0
5856,5
5857,4
5858,5
5859,2
5860,3
5861,5
5862,3
5863,4
5864,4
5865,8
5866,0
5867,4
5868,2
5869,1
5870,2
5871,1
5872,8
5873,0
5874,4
5875,8
5876,4
5877,7
5878,6
5879,5
5880,5
5881,8
5882,1
5883,4
5884,7
5885,8
5886,2
5887,4
5888,2
5889,1
5890,5
5891,2
5892,6
5893,3
5894,7
5895,5
5896,2
5897,5
5898,6
5899,7
5900,2
5901,4
5902,4
5903,8
5904,2
5905,4
5906,1
5907,5
5908,5
5909,2
5910,8
5911,9
5912,5
5913,6
5914,0
5915,4
5916,7
5917,0
5918,8
5919,0
5920,2
5921,6
5922,2
5923,7
5924,0
5925,1
5926,1
5927,3
5928,6
5929,3
5930,8
5931,5
5932,1
5933,3
5934,8
5935,0
5936,2
5937,4
5938,2
5939,3
5940,0
5941,4
5942,9
5943,6
5944,4
5945,8
5946,8
5947,5
5948,5
5949,6
5950,7
5951,5
5952,1
5953,6
5954,7
5955,2
5956,2
5957,8
5958,9
5959,1
5960,4
5961,5
5962,4
5963,9
5964,2
5965,9
5966,7
5967,8
5968,7
5969,0
5970,0
5971,0
5972,5
5973,0
5974,4
5975,0
5976,3
5977,5
5978,5
5979,6
5980,0
5981,3
5982,2
5983,5
5984,9
5985,2
5986,5
5987,6
5988,1
5989,3
5990,9
5991,9
5992,7
5993,3
5994,8
5995,3
5996,7
5997,2
5998,9
5999,3
6000,9
6001,9
6002,2
6003,8
6004,1
6005,7
6006,5
6007,6
6008,0
6009,6
6010,6
6011,0
6012,4
6013,0
6014,1
6015,4
6016,7
6017,0
6018,9
6019,4
6020,9
6021,3
6022,7
6023,4
6024,5
6025,7
6026,4
6027,4
6028,1
6029,7
6030,5
6031,3
6032,0
6033,2
6034,5
6035,4
6036,1
6037,6
6038,6
6039,5
6040,4
6041,6
6042,5
6043,4
6044,2
6045,7
6046,4
6047,6
6048,4
6049,4
6050,2
6051,7
6052,2
6053,1
6054,2
6055,1
6056,9
6057,5
6058,5
6059,3
6060,8
6061,9
6062,3
6063,5
6064,6
6065,3
6066,4
6067,7
6068,6
6069,0
6070,1
6071,6
6072,3
6073,3
6074,0
6075,4
6076,7
6077,7
6078,8
6079,5
6080,7
6081,2
6082,9
6083,6
6084,7
6085,5
6086,9
6087,2
6088,9
6089,5
6090,2
6091,8
6092,3
6093,3
6094,5
6095,2
6096,3
6097,8
6098,9
6099,1
6100,2
6101,2
6102,4
6103,9
6104,8
6105,6
6106,3
6107,7
6108,4
6109,8
6110,5
6111,3
6112,9
6113,8
6114,2
6115,4
6116,8
6117,9
6118,4
6119,6
6120,6
6121,8
6122,3
6123,7
6124,8
6125,0
6126,6
6127,4
6128,5
6129,5
6130,6
6131,1
6132,2
6133,9
6134,8
6135,9
6136,8
6137,3
6138,6
6139,0
6140,1
6141,0
6142,5
6143,5
6144,5
6145,7
6146,0
6147,5
6148,8
6149,8
6150,9
6151,1
6152,5
6153,6
6154,6
6155,2
6156,7
6157,4
6158,3
6159,4
6160,4
6161,0
6162,4
6163,5
6164,0
6165,9
6166,7
6167,3
6168,1
6169,7
6170,8
6171,4
6172,9
6173,8
6174,0
6175,5
6176,5
6177,9
6178,3
6179,6
6180,3
6181,0
6182,6
6183,3
6184,7
6185,2
6186,9
6187,0
6188,1
6189,5
6190,7
6191,9
6192,2
6193,4
6194,3
6195,4
6196,8
6197,8
6198,2
6199,7
6200,9
6201,7
6202,7
6203,7
6204,3
6205,2
6206,3
6207,1
6208,7
6209,1
6210,9
6211,3
6212,9
6213,4
6214,4
6215,7
6216,1
6217,1
6218,3
6219,4
6220,5
6221,1
6222,8
6223,0
6224,3
6225,4
6226,8
6227,7
6228,7
6229,7
6230,9
6231,5
6232,2
6233,5
6234,3
6235,9
6236,7
6237,7
6238,1
6239,6
6240,9
6241,5
6242,5
6243,2
6244,3
6245,2
6246,2
6247,9
6248,0
6249,4
6250,2
6251,4
6252,2
6253,3
6254,6
6255,9
6256,3
6257,3
6258,8
6259,9
6260,2
6261,6
6262,3
6263,0
6264,3
6265,4
6266,8
6267,1
6268,9
6269,6
6270,5
6271,1
6272,6
6273,4
6274,6
6275,4
6276,8
6277,2
6278,2
6279,5
6280,6
6281,8
6282,6
6283,0
6284,8
6285,0
6286,6
6287,2
6288,1
6289,1
6290,7
6291,9
6292,9
6293,6
6294,0
6295,0
6296,6
6297,7
6298,8
6299,3
6300,3
6301,7
6302,9
6303,0
6304,0
6305,9
6306,4
6307,8
6308,2
6309,3
6310,0
6311,0
6312,9
6313,9
6314,7
6315,5
6316,4
6317,3
6318,2
6319,6
6320,7
6321,2
6322,8
6323,3
6324,9
6325,1
6326,8
6327,1
6328,7
6329,3
6330,6
6331,5
6332,3
6333,0
6334,8
6335,6
6336,4
6337,7
6338,4
6339,1
6340,6
6341,1
6342,5
6343,0
6344,4
6345,4
6346,3
6347,8
6348,6
6349,8
6350,7
6351,4
6352,0
6353,1
6354,2
6355,6
6356,5
6357,3
6358,5
6359,2
6360,2
6361,6
6362,1
6363,4
6364,3
6365,1
6366,5
6367,3
6368,4
6369,1
6370,6
6371,6
6372,1
6373,4
6374,5
6375,0
6376,1
6377,1
6378,7
6379,7
6380,9
6381,3
6382,1
6383,6
6384,8
6385,4
6386,5
6387,9
6388,5
6389,4
6390,5
6391,8
6392,9
6393,6
6394,1
6395,4
6396,9
6397,2
6398,6
6399,3
6400,0
6401,6
6402,9
6403,5
6404,5
6405,9
6406,3
6407,3
6408,3
6409,1
6410,1
6411,0
6412,8
6413,3
6414,7
6415,7
6416,4
6417,7
6418,8
6419,1
6420,3
6421,8
6422,0
6423,0
6424,4
6425,7
6426,1
6427,9
6428,5
6429,6
6430,8
6431,3
6432,0
6433,6
6434,3
6435,7
6436,8
6437,7
6438,6
6439,4
6440,5
6441,4
6442,8
6443,5
6444,5
6445,5
6446,1
6447,0
6448,6
6449,6
6450,7
6451,4
6452,9
6453,0
6454,5
6455,9
6456,0
6457,3
6458,2
6459,4
6460,4
6461,6
6462,9
6463,7
6464,6
6465,0
6466,2
6467,2
6468,1
6469,2
6470,2
6471,2
6472,4
6473,7
6474,5
6475,7
6476,6
6477,1
6478,1
6479,0
6480,0
6481,3
6482,5
6483,3
6484,4
6485,2
6486,4
6487,0
6488,7
6489,5
6490,8
6491,3
6492,9
6493,1
6494,8
6495,1
6496,4
6497,4
6498,2
6499,6
6500,2
6501,3
6502,2
6503,1
6504,0
6505,9
6506,6
6507,4
6508,7
6509,3
6510,4
6511,4
6512,2
6513,5
6514,1
6515,0
6516,3
6517,8
6518,6
6519,0
6520,7
6521,7
6522,3
6523,2
6524,1
6525,5
6526,7
6527,1
6528,6
6529,0
6530,4
6531,0
6532,9
6533,7
6534,0
6535,2
6536,0
6537,7
6538,9
6539,6
6540,5
6541,6
6542,6
6543,8
6544,2
6545,6
6546,9
6547,8
6548,0
6549,5
6550,6
6551,4
6552,8
6553,7
6554,3
6555,1
6556,4
6557,1
6558,4
6559,5
6560,6
6561,0
6562,0
6563,8
6564,5
6565,0
6566,9
6567,3
6568,4
6569,3
6570,6
6571,4
6572,1
6573,8
6574,3
6575,5
6576,4
6577,4
6578,6
6579,7
6580,9
6581,1
6582,0
6583,8
6584,1
6585,6
6586,2
6587,4
6588,6
6589,0
6590,6
6591,9
6592,5
6593,0
6594,8
6595,0
6596,7
6597,2
6598,1
6599,6
6600,1
6601,0
6602,7
6603,9
6604,0
6605,9
6606,5
6607,1
6608,5
6609,4
6610,1
6611,9
6612,8
6613,4
6614,5
6615,7
6616,3
6617,4
6618,6
6619,1
6620,0
6621,4
6622,3
6623,8
6624,1
6625,6
6626,2
6627,4
6628,9
6629,6
6630,8
6631,1
6632,1
6633,0
6634,9
6635,8
6636,8
6637,1
6638,0
6639,5
6640,6
6641,6
6642,4
6643,8
6644,6
6645,9
6646,5
6647,6
6648,1
6649,5
6650,5
6651,3
6652,7
6653,4
6654,4
6655,3
6656,3
6657,5
6658,5
6659,6
6660,0
6661,6
6662,3
6663,4
6664,4
6665,9
6666,5
6667,3
6668,2
6669,4
6670,9
6671,8
6672,2
6673,4
6674,1
6675,4
6676,4
6677,2
6678,7
6679,2
6680,0
6681,1
6682,0
6683,8
6684,8
6685,6
6686,4
6687,6
6688,7
6689,7
6690,5
6691,8
6692,4
6693,0
6694,4
6695,7
6696,9
6697,1
6698,4
6699,6
6700,1
6701,8
6702,7
6703,6
6704,9
6705,9
6706,0
6707,6
6708,5
6709,3
6710,5
6711,0
6712,5
6713,9
6714,4
6715,4
6716,7
6717,0
6718,7
6719,2
6720,3
6721,6
6722,9
6723,1
6724,5
6725,3
6726,9
6727,0
6728,8
6729,3
6730,1
6731,2
6732,5
6733,3
6734,1
6735,0
6736,4
6737,0
6738,5
6739,2
6740,8
6741,8
6742,3
6743,5
6744,3
6745,2
6746,5
6747,8
6748,5
6749,7
6750,2
6751,3
6752,6
6753,2
6754,2
6755,4
6756,8
6757,9
6758,6
6759,3
6760,3
6761,9
6762,3
6763,4
6764,3
6765,8
6766,1
6767,8
6768,6
6769,3
6770,4
6771,6
6772,2
6773,7
6774,9
6775,5
6776,5
6777,6
6778,5
6779,5
6780,1
6781,1
6782,7
6783,2
6784,5
6785,3
6786,2
6787,0
6788,7
6789,7
6790,0
6791,9
6792,4
6793,4
6794,0
6795,4
6796,7
6797,1
6798,3
6799,4
6800,7
6801,8
6802,9
6803,9
6804,2
6805,6
6806,4
6807,0
6808,1
6809,3
6810,2
6811,0
6812,3
6813,0
6814,9
6815,8
6816,1
6817,8
6818,3
6819,4
6820,9
6821,9
6822,4
6823,4
6824,8
6825,0
6826,3
6827,8
6828,3
6829,4
6830,1
6831,2
6832,9
6833,4
6834,5
6835,7
6836,1
6837,1
6838,4
6839,4
6840,3
6841,0
6842,2
6843,2
6844,6
6845,1
6846,4
6847,1
6848,3
6849,4
6850,3
6851,4
6852,1
6853,4
6854,3
6855,8
6856,2
6857,1
6858,4
6859,8
6860,5
6861,1
6862,1
6863,6
6864,6
6865,1
6866,1
6867,5
6868,0
6869,0
6870,9
6871,1
6872,9
6873,4
6874,1
6875,7
6876,5
6877,0
6878,6
6879,3
6880,1
6881,5
6882,2
6883,9
6884,2
6885,0
6886,0
6887,0
6888,9
6889,6
6890,3
6891,7
6892,3
6893,9
6894,6
6895,3
6896,3
6897,8
6898,8
6899,4
6900,0
6901,6
6902,6
6903,7
6904,1
6905,8
6906,6
6907,9
6908,7
6909,3
6910,4
6911,2
6912,9
6913,6
6914,5
6915,4
6916,4
6917,9
6918,9
6919,4
6920,3
6921,0
6922,6
6923,0
6924,9
6925,4
6926,2
6927,8
6928,3
6929,6
6930,0
6931,5
6932,0
6933,6
6934,9
6935,7
6936,3
6937,0
6938,5
6939,9
6940,3
6941,2
6942,4
6943,0
6944,4
6945,3
6946,0
6947,1
6948,1
6949,7
6950,8
6951,9
6952,3
6953,6
6954,9
6955,2
6956,6
6957,9
6958,8
6959,4
6960,3
6961,2
6962,1
6963,5
6964,4
6965,0
6966,2
6967,9
6968,4
6969,3
6970,6
6971,9
6972,2
6973,6
6974,9
6975,8
6976,0
6977,0
6978,0
6979,2
6980,4
6981,9
6982,4
6983,2
6984,1
6985,2
6986,4
6987,2
6988,4
6989,7
6990,4
6991,1
6992,0
6993,2
6994,9
6995,1
6996,2
6997,9
6998,9
6999,1
7000,7
7001,0
7002,7
7003,4
7004,5
7005,4
7006,8
7007,0
7008,6
7009,1
7010,9
7011,2
7012,0
7013,0
7014,5
7015,8
7016,4
7017,7
7018,7
7019,4
7020,4
7021,4
7022,3
7023,6
7024,7
7025,5
7026,3
7027,2
7028,8
7029,3
7030,9
7031,1
7032,8
7033,3
7034,1
7035,0
7036,3
7037,1
7038,6
7039,0
7040,0
7041,5
7042,8
7043,3
7044,6
7045,7
7046,7
7047,9
7048,2
7049,5
7050,2
7051,6
7052,7
7053,0
7054,5
7055,4
7056,2
7057,0
7058,9
7059,5
7060,7
7061,6
7062,0
7063,6
7064,7
7065,0
7066,5
7067,9
7068,6
7069,2
7070,0
7071,6
7072,6
7073,7
7074,5
7075,0
7076,4
7077,8
7078,1
7079,7
7080,0
7081,9
7082,2
7083,4
7084,4
7085,7
7086,4
7087,4
7088,2
7089,0
7090,2
7091,0
7092,3
7093,1
7094,0
7095,1
7096,5
7097,8
7098,9
7099,2
7100,4
7101,1
7102,2
7103,2
7104,6
7105,8
7106,2
7107,6
7108,4
7109,4
7110,8
7111,7
7112,4
7113,4
7114,1
7115,1
7116,6
7117,8
7118,0
7119,8
7120,4
7121,2
7122,7
7123,1
7124,4
7125,4
7126,8
7127,3
7128,9
7129,2
7130,6
7131,1
7132,4
7133,5
7134,4
7135,0
7136,0
7137,5
7138,7
7139,2
7140,4
7141,7
7142,4
7143,8
7144,4
7145,7
7146,1
7147,2
7148,5
7149,3
7150,0
7151,7
7152,0
7153,0
7154,7
7155,6
7156,4
7157,4
7158,7
7159,6
7160,1
7161,2
7162,8
7163,0
7164,9
7165,0
7166,4
7167,9
7168,3
7169,8
7170,5
7171,3
7172,3
7173,5
7174,7
7175,5
7176,2
7177,8
7178,5
7179,2
7180,0
7181,4
7182,6
7183,6
7184,6
7185,4
7186,4
7187,8
7188,1
7189,4
7190,1
7191,2
7192,5
7193,8
7194,7
7195,0
7196,0
7197,8
7198,1
7199,9
7200,9
7201,0
7202,4
7203,3
7204,6
7205,5
7206,9
7207,8
7208,4
7209,3
7210,6
7211,0
7212,4
7213,3
7214,7
7215,8
7216,2
7217,5
7218,4
7219,9
7220,5
7221,0
7222,2
7223,6
7224,9
7225,0
7226,9
7227,2
7228,4
7229,6
7230,0
7231,0
7232,2
7233,2
7234,2
7235,0
7236,7
7237,9
7238,1
7239,7
7240,9
7241,2
7242,0
7243,1
7244,8
7245,6
7246,9
7247,9
7248,9
7249,5
7250,0
7251,4
7252,5
7253,1
7254,8
7255,2
7256,8
7257,4
7258,0
7259,8
7260,4
7261,9
7262,5
7263,2
7264,7
7265,1
7266,5
7267,3
7268,9
7269,6
7270,5
7271,2
7272,0
7273,5
7274,4
7275,3
7276,2
7277,5
7278,0
7279,0
7280,0
7281,8
7282,2
7283,6
7284,7
7285,3
7286,6
7287,0
7288,3
7289,7
7290,0
7291,5
7292,9
7293,6
7294,7
7295,9
7296,5
7297,9
7298,4
7299,7
7300,1
7301,9
7302,6
7303,0
7304,7
7305,8
7306,3
7307,2
7308,8
7309,9
7310,1
7311,7
7312,0
7313,9
7314,8
7315,6
7316,8
7317,2
7318,3
7319,4
7320,8
7321,2
7322,2
7323,5
7324,6
7325,7
7326,3
7327,6
7328,2
7329,3
7330,7
7331,3
7332,1
7333,9
7334,4
7335,3
7336,0
7337,2
7338,9
7339,2
7340,4
7341,8
7342,8
7343,5
7344,4
7345,5
7346,6
7347,7
7348,0
7349,6
7350,7
7351,1
7352,5
7353,6
7354,1
7355,9
7356,1
7357,1
7358,6
7359,9
7360,3
7361,7
7362,6
7363,6
7364,6
7365,3
7366,4
7367,7
7368,0
7369,8
7370,1
7371,0
7372,1
7373,0
7374,0
7375,9
7376,6
7377,8
7378,3
7379,6
7380,9
7381,3
7382,6
7383,4
7384,4
7385,7
7386,7
7387,5
7388,8
7389,3
7390,9
7391,9
7392,8
7393,7
7394,7
7395,9
7396,1
7397,4
7398,2
7399,3
7400,0
7401,9
7402,2
7403,5
7404,4
7405,2
7406,3
7407,3
7408,8
7409,8
7410,4
7411,3
7412,1
7413,8
7414,9
7415,8
7416,3
7417,1
7418,4
7419,1
7420,0
7421,1
7422,8
7423,3
7424,9
7425,9
7426,5
7427,1
7428,5
7429,2
7430,5
7431,1
7432,4
7433,4
7434,0
7435,1
7436,9
7437,1
7438,0
7439,6
7440,4
7441,6
7442,9
7443,5
7444,7
7445,0
7446,5
7447,9
7448,6
7449,8
7450,8
7451,4
7452,9
7453,0
7454,1
7455,5
7456,6
7457,2
7458,4
7459,0
7460,6
7461,0
7462,5
7463,5
7464,1
7465,6
7466,5
7467,0
7468,0
7469,6
7470,8
7471,6
7472,2
7473,9
7474,5
7475,4
7476,7
7477,3
7478,7
7479,8
7480,6
7481,9
7482,5
7483,8
7484,9
7485,1
7486,9
7487,7
7488,4
7489,2
7490,6
7491,0
7492,5
7493,4
7494,0
7495,2
7496,3
7497,1
7498,4
7499,7
7500,3
7501,5
7502,3
7503,7
7504,6
7505,3
7506,4
7507,9
7508,2
7509,0
7510,6
7511,2
7512,0
7513,7
7514,8
7515,2
7516,3
7517,2
7518,4
7519,6
7520,4
7521,5
7522,3
7523,3
7524,6
7525,4
7526,8
7527,8
7528,1
7529,0
7530,1
7531,5
7532,5
7533,3
7534,9
7535,3
7536,4
7537,2
7538,6
7539,9
7540,0
7541,4
7542,1
7543,6
7544,5
7545,9
7546,1
7547,8
7548,0
7549,9
7550,3
7551,4
7552,1
7553,7
7554,0
7555,0
7556,1
7557,0
7558,5
7559,4
7560,9
7561,5
7562,2
7563,8
7564,1
7565,1
7566,9
7567,1
7568,5
7569,1
7570,3
7571,7
7572,4
7573,8
7574,3
7575,5
7576,8
7577,1
7578,5
7579,6
7580,7
7581,7
7582,9
7583,2
7584,1
7585,9
7586,1
7587,3
7588,6
7589,2
7590,3
7591,7
7592,5
7593,9
7594,2
7595,5
7596,9
7597,7
7598,8
7599,3
7600,0
7601,9
7602,5
7603,3
7604,0
7605,3
7606,7
7607,6
7608,7
7609,5
7610,9
7611,8
7612,0
7613,0
7614,2
7615,8
7616,0
7617,6
7618,6
7619,4
7620,7
7621,7
7622,4
7623,9
7624,2
7625,4
7626,3
7627,5
7628,7
7629,9
7630,3
7631,4
7632,2
7633,6
7634,1
7635,7
7636,1
7637,3
7638,8
7639,5
7640,3
7641,0
7642,6
7643,7
7644,5
7645,1
7646,7
7647,0
7648,8
7649,2
7650,8
7651,2
7652,3
7653,8
7654,5
7655,4
7656,1
7657,5
7658,7
7659,4
7660,1
7661,5
7662,8
7663,3
7664,0
7665,6
7666,1
7667,3
7668,7
7669,6
7670,8
7671,5
7672,7
7673,6
7674,3
7675,6
7676,2
7677,6
7678,5
7679,1
7680,2
7681,3
7682,9
7683,1
7684,4
7685,7
7686,9
7687,1
7688,1
7689,8
7690,1
7691,2
7692,0
7693,2
7694,5
7695,3
7696,3
7697,7
7698,6
7699,3
7700,1
7701,7
7702,9
7703,4
7704,7
7705,2
7706,6
7707,2
7708,4
7709,4
7710,8
7711,9
7712,3
7713,8
7714,1
7715,9
7716,0
7717,5
7718,8
7719,3
7720,8
7721,4
7722,2
7723,0
7724,9
7725,1
7726,6
7727,2
7728,0
7729,5
7730,6
7731,9
7732,2
7733,0
7734,8
7735,8
7736,3
7737,8
7738,7
7739,2
7740,8
7741,6
7742,7
7743,7
7744,2
7745,3
7746,2
7747,7
7748,3
7749,2
7750,3
7751,2
7752,6
7753,0
7754,8
7755,5
7756,2
7757,4
7758,8
7759,9
7760,7
7761,4
7762,8
7763,4
7764,5
7765,5
7766,1
7767,0
7768,4
7769,9
7770,2
7771,8
7772,2
7773,0
7774,6
7775,0
7776,5
7777,5
7778,2
7779,2
7780,9
7781,6
7782,6
7783,8
7784,7
7785,7
7786,8
7787,5
7788,9
7789,4
7790,8
7791,4
7792,9
7793,7
7794,8
7795,7
7796,5
7797,3
7798,3
7799,9
7800,7
7801,1
7802,7
7803,6
7804,3
7805,6
7806,4
7807,4
7808,8
7809,5
7810,5
7811,2
7812,3
7813,7
7814,6
7815,7
7816,8
7817,0
7818,8
7819,3
7820,8
7821,4
7822,7
7823,8
7824,0
7825,6
7826,9
7827,4
7828,9
7829,2
7830,9
7831,5
7832,6
7833,1
7834,0
7835,4
7836,5
7837,6
7838,5
7839,1
7840,7
7841,5
7842,1
7843,7
7844,1
7845,1
7846,0
7847,8
7848,6
7849,1
7850,3
7851,7
7852,6
7853,9
7854,7
7855,1
7856,4
7857,7
7858,1
7859,0
7860,2
7861,4
7862,7
7863,4
7864,7
7865,2
7866,5
7867,4
7868,4
7869,0
7870,1
7871,6
7872,2
7873,6
7874,4
7875,8
7876,7
7877,7
7878,6
7879,3
7880,0
7881,9
7882,8
7883,8
7884,1
7885,7
7886,7
7887,9
7888,8
7889,2
7890,8
7891,4
7892,3
7893,7
7894,6
7895,7
7896,4
7897,1
7898,6
7899,5
7900,7
7901,7
7902,2
7903,1
7904,2
7905,8
7906,9
7907,8
7908,5
7909,3
7910,1
7911,2
7912,9
7913,1
7914,4
7915,4
7916,9
7917,2
7918,5
7919,5
7920,2
7921,3
7922,8
7923,4
7924,1
7925,7
7926,6
7927,5
7928,4
7929,3
7930,1
7931,7
7932,3
7933,3
7934,1
7935,9
7936,2
7937,6
7938,0
7939,6
7940,5
7941,7
7942,0
7943,3
7944,3
7945,2
7946,4
7947,5
7948,8
7949,5
7950,5
7951,5
7952,1
7953,8
7954,4
7955,2
7956,7
7957,6
7958,7
7959,7
7960,9
7961,4
7962,0
7963,2
7964,9
7965,2
7966,2
7967,2
7968,9
7969,8
7970,6
7971,2
7972,8
7973,9
7974,2
7975,5
7976,7
7977,1
7978,3
7979,9
7980,1
7981,4
7982,2
7983,7
7984,3
7985,9
7986,1
7987,2
7988,6
7989,1
7990,5
7991,1
7992,6
7993,7
7994,1
7995,4
7996,8
7997,4
7998,6
7999,5
8000,4
8001,8
8002,4
8003,8
8004,2
8005,4
8006,2
8007,8
8008,6
8009,2
8010,1
8011,3
8012,8
8013,1
8014,7
8015,7
8016,8
8017,9
8018,2
8019,0
8020,6
8021,0
8022,6
8023,9
8024,0
8025,8
8026,3
8027,9
8028,8
8029,7
8030,5
8031,0
8032,1
8033,3
8034,5
8035,3
8036,3
8037,7
8038,7
8039,7
8040,1
8041,9
8042,9
8043,0
8044,1
8045,0
8046,9
8047,5
8048,0
8049,9
8050,3
8051,2
8052,3
8053,1
8054,7
8055,7
8056,6
8057,7
8058,4
8059,1
8060,3
8061,1
8062,6
8063,9
8064,4
8065,5
8066,4
8067,0
8068,0
8069,9
8070,8
8071,1
8072,2
8073,7
8074,1
8075,9
8076,9
8077,6
8078,7
8079,7
8080,9
8081,6
8082,4
8083,8
8084,2
8085,8
8086,9
8087,9
8088,7
8089,2
8090,8
8091,9
8092,1
8093,0
8094,2
8095,9
8096,4
8097,6
8098,0
8099,7
8100,6
8101,3
8102,6
8103,0
8104,5
8105,1
8106,7
8107,3
8108,7
8109,9
8110,2
8111,5
8112,9
8113,7
8114,8
8115,6
8116,8
8117,4
8118,5
8119,8
8120,9
8121,3
8122,1
8123,1
8124,9
8125,1
8126,0
8127,9
8128,4
8129,5
8130,5
8131,6
8132,4
8133,3
8134,7
8135,2
8136,1
8137,0
8138,4
8139,7
8140,3
8141,2
8142,2
8143,7
8144,3
8145,5
8146,3
8147,9
8148,8
8149,2
8150,9
8151,3
8152,4
8153,1
8154,4
8155,5
8156,9
8157,0
8158,4
8159,2
8160,0
8161,9
8162,6
8163,4
8164,6
8165,3
8166,8
8167,7
8168,0
8169,0
8170,3
8171,8
8172,9
8173,2
8174,0
8175,5
8176,6
8177,6
8178,9
8179,7
8180,3
8181,5
8182,6
8183,8
8184,6
8185,5
8186,6
8187,6
8188,3
8189,6
8190,1
8191,5
8192,1
8193,9
8194,6
8195,5
8196,1
8197,8
8198,6
8199,0
8200,4
8201,7
8202,1
8203,3
8204,5
8205,7
8206,3
8207,0
8208,0
8209,9
8210,9
8211,0
8212,5
8213,8
8214,1
8215,3
8216,9
8217,9
8218,0
8219,1
8220,2
8221,9
8222,5
8223,5
8224,1
8225,2
8226,6
8227,9
8228,2
8229,0
8230,0
8231,0
8232,9
8233,2
8234,9
8235,8
8236,3
8237,4
8238,4
8239,0
8240,7
8241,1
8242,3
8243,8
8244,5
8245,7
8246,2
8247,3
8248,1
8249,0
8250,9
8251,3
8252,0
8253,6
8254,1
8255,8
8256,5
8257,8
8258,9
8259,3
8260,0
8261,4
8262,1
8263,4
8264,0
8265,5
8266,8
8267,4
8268,2
8269,5
8270,4
8271,6
8272,8
8273,3
8274,4
8275,3
8276,8
8277,1
8278,2
8279,5
8280,2
8281,9
8282,7
8283,6
8284,6
8285,9
8286,9
8287,0
8288,3
8289,3
8290,6
8291,2
8292,6
8293,5
8294,4
8295,0
8296,8
8297,7
8298,6
8299,7
8300,0
8301,6
8302,2
8303,6
8304,7
8305,6
8306,3
8307,0
8308,0
8309,9
8310,4
8311,7
8312,9
8313,1
8314,8
8315,4
8316,6
8317,3
8318,0
8319,4
8320,6
8321,8
8322,6
8323,2
8324,8
8325,1
8326,0
8327,9
8328,7
8329,3
8330,2
8331,0
8332,1
8333,2
8334,0
8335,1
8336,7
8337,8
8338,1
8339,4
8340,9
8341,8
8342,5
8343,1
8344,8
8345,2
8346,6
8347,3
8348,1
8349,2
8350,0
8351,4
8352,6
8353,0
8354,6
8355,2
8356,3
8357,8
8358,0
8359,3
8360,5
8361,2
8362,5
8363,2
8364,6
8365,9
8366,7
8367,3
8368,5
8369,8
8370,0
8371,1
8372,7
8373,4
8374,3
8375,7
8376,8
8377,2
8378,3
8379,9
8380,9
8381,0
8382,9
8383,5
8384,0
8385,2
8386,0
8387,8
8388,3
8389,7
8390,3
8391,7
8392,3
8393,2
8394,9
8395,1
8396,3
8397,0
8398,4
8399,4
8400,3
8401,0
8402,7
8403,1
8404,8
8405,9
8406,7
8407,6
8408,8
8409,2
8410,0
8411,9
8412,8
8413,1
8414,0
8415,7
8416,8
8417,2
8418,0
8419,0
8420,8
8421,5
8422,1
8423,6
8424,7
8425,5
8426,1
8427,4
8428,3
8429,6
8430,7
8431,9
8432,6
8433,5
8434,5
8435,4
8436,4
8437,6
8438,8
8439,2
8440,2
8441,9
8442,7
8443,6
8444,0
8445,2
8446,7
8447,8
8448,9
8449,4
8450,7
8451,7
8452,1
8453,9
8454,3
8455,6
8456,3
8457,3
8458,1
8459,7
8460,8
8461,0
8462,7
8463,3
8464,4
8465,5
8466,8
8467,9
8468,6
8469,6
8470,1
8471,7
8472,3
8473,8
8474,8
8475,5
8476,5
8477,2
8478,0
8479,0
8480,0
8481,8
8482,3
8483,7
8484,8
8485,1
8486,2
8487,9
8488,7
8489,4
8490,2
8491,4
8492,2
8493,7
8494,3
8495,2
8496,4
8497,6
8498,6
8499,3
8500,7
8501,3
8502,8
8503,5
8504,6
8505,0
8506,2
8507,2
8508,1
8509,6
8510,7
8511,6
8512,6
8513,7
8514,7
8515,9
8516,9
8517,0
8518,0
8519,7
8520,7
8521,6
8522,9
8523,2
8524,7
8525,2
8526,4
8527,1
8528,9
8529,9
8530,2
8531,7
8532,7
8533,0
8534,9
8535,7
8536,4
8537,3
8538,6
8539,2
8540,0
8541,2
8542,7
8543,0
8544,6
8545,7
8546,3
8547,4
8548,9
8549,5
8550,1
8551,5
8552,3
8553,0
8554,6
8555,1
8556,2
8557,9
8558,8
8559,4
8560,1
8561,3
8562,3
8563,0
8564,3
8565,0
8566,3
8567,9
8568,7
8569,9
8570,1
8571,3
8572,0
8573,5
8574,4
8575,8
8576,1
8577,0
8578,6
8579,7
8580,4
8581,3
8582,2
8583,6
8584,1
8585,7
8586,8
8587,6
8588,8
8589,4
8590,9
8591,8
8592,0
8593,1
8594,1
8595,4
8596,5
8597,2
8598,1
8599,2
8600,9
8601,7
8602,7
8603,7
8604,4
8605,8
8606,9
8607,0
8608,9
8609,0
8610,3
8611,9
8612,2
8613,9
8614,9
8615,8
8616,1
8617,8
8618,9
8619,0
8620,9
8621,1
8622,2
8623,2
8624,1
8625,8
8626,7
8627,9
8628,9
8629,1
8630,8
8631,3
8632,3
8633,5
8634,5
8635,4
8636,7
8637,8
8638,2
8639,5
8640,1
8641,5
8642,3
8643,2
8644,0
8645,5
8646,9
8647,3
8648,4
8649,2
8650,0
8651,7
8652,1
8653,0
8654,7
8655,2
8656,9
8657,0
8658,1
8659,5
8660,5
8661,9
8662,3
8663,9
8664,8
8665,3
8666,9
8667,6
8668,7
8669,2
8670,6
8671,0
8672,5
8673,7
8674,6
8675,6
8676,7
8677,2
8678,4
8679,5
8680,7
8681,8
8682,5
8683,3
8684,3
8685,0
8686,4
8687,8
8688,4
8689,6
8690,4
8691,6
8692,0
8693,3
8694,0
8695,1
8696,7
8697,7
8698,7
8699,8
8700,6
8701,6
8702,9
8703,0
8704,5
8705,4
8706,7
8707,1
8708,3
8709,6
8710,1
8711,9
8712,4
8713,5
8714,0
8715,9
8716,2
8717,6
8718,2
8719,9
8720,4
8721,6
8722,0
8723,0
8724,9
8725,2
8726,0
8727,0
8728,0
8729,6
8730,2
8731,5
8732,0
8733,0
8734,7
8735,9
8736,5
8737,4
8738,6
8739,6
8740,6
8741,5
8742,2
8743,6
8744,7
8745,5
8746,0
8747,8
8748,2
8749,2
8750,2
8751,7
8752,8
8753,3
8754,6
8755,5
8756,1
8757,3
8758,4
8759,6
8760,8
8761,1
8762,6
8763,9
8764,1
8765,0
8766,6
8767,0
8768,6
8769,2
8770,4
8771,6
8772,8
8773,8
8774,5
8775,9
8776,5
8777,5
8778,0
8779,0
8780,7
8781,0
8782,2
8783,6
8784,7
8785,9
8786,0
8787,4
8788,0
8789,9
8790,9
8791,8
8792,1
8793,9
8794,9
8795,9
8796,4
8797,3
8798,7
8799,1
8800,9
8801,3
8802,8
8803,0
8804,1
8805,6
8806,5
8807,7
8808,5
8809,1
8810,4
8811,0
8812,9
8813,6
8814,5
8815,1
8816,0
8817,0
8818,9
8819,6
8820,1
8821,2
8822,9
8823,3
8824,7
8825,6
8826,4
8827,5
8828,9
8829,5
8830,6
8831,4
8832,4
8833,2
8834,1
8835,7
8836,0
8837,7
8838,6
8839,7
8840,1
8841,6
8842,1
8843,2
8844,5
8845,1
8846,3
8847,1
8848,9
8849,8
8850,2
8851,1
8852,6
8853,3
8854,8
8855,5
8856,5
8857,3
8858,6
8859,3
8860,5
8861,8
8862,6
8863,4
8864,3
8865,0
8866,5
8867,8
8868,7
8869,7
8870,7
8871,9
8872,3
8873,8
8874,5
8875,8
8876,5
8877,6
8878,9
8879,9
8880,9
8881,7
8882,2
8883,3
8884,3
8885,3
8886,9
8887,3
8888,7
8889,2
8890,0
8891,6
8892,8
8893,4
8894,8
8895,8
8896,5
8897,0
8898,5
8899,6
8900,2
8901,5
8902,0
8903,7
8904,0
8905,0
8906,8
8907,3
8908,6
8909,5
8910,8
8911,6
8912,9
8913,1
8914,8
8915,2
8916,3
8917,6
8918,8
8919,7
8920,4
8921,8
8922,3
8923,3
8924,0
8925,8
8926,0
8927,5
8928,6
8929,2
8930,8
8931,1
8932,1
8933,7
8934,7
8935,1
8936,9
8937,1
8938,0
8939,9
8940,4
8941,0
8942,3
8943,5
8944,7
8945,6
8946,7
8947,2
8948,9
8949,5
8950,5
8951,1
8952,5
8953,7
8954,6
8955,7
8956,1
8957,0
8958,6
8959,2
8960,6
8961,5
8962,2
8963,6
8964,8
8965,6
8966,8
8967,4
8968,4
8969,3
8970,7
8971,0
8972,2
8973,1
8974,1
8975,6
8976,8
8977,0
8978,7
8979,1
8980,6
8981,7
8982,6
8983,7
8984,8
8985,7
8986,2
8987,8
8988,9
8989,8
8990,1
8991,0
8992,7
8993,1
8994,1
8995,6
8996,5
8997,5
8998,5
8999,8
9000,1
9001,3
9002,1
9003,4
9004,4
9005,3
9006,0
9007,3
9008,5
9009,6
9010,9
9011,2
9012,7
9013,9
9014,1
9015,0
9016,6
9017,5
9018,8
9019,6
9020,0
9021,4
9022,6
9023,3
9024,0
9025,7
9026,9
9027,1
9028,9
9029,1
9030,0
9031,5
9032,8
9033,8
9034,7
9035,5
9036,3
9037,4
9038,0
9039,2
9040,3
9041,7
9042,0
9043,8
9044,9
9045,6
9046,8
9047,8
9048,8
9049,7
9050,1
9051,4
9052,6
9053,7
9054,8
9055,3
9056,5
9057,2
9058,3
9059,2
9060,0
9061,1
9062,8
9063,6
9064,5
9065,3
9066,5
9067,9
9068,9
9069,4
9070,1
9071,2
9072,1
9073,4
9074,0
9075,0
9076,2
9077,4
9078,6
9079,4
9080,1
9081,0
9082,3
9083,7
9084,9
9085,0
9086,1
9087,5
9088,0
9089,0
9090,9
9091,3
9092,5
9093,3
9094,7
9095,9
9096,2
9097,8
9098,8
9099,5
9100,6
9101,2
9102,9
9103,7
9104,8
9105,9
9106,1
9107,1
9108,2
9109,5
9110,9
9111,5
9112,2
9113,6
9114,7
9115,4
9116,0
9117,9
9118,7
9119,1
9120,7
9121,5
9122,0
9123,8
9124,8
9125,7
9126,3
9127,3
9128,2
9129,2
9130,9
9131,6
9132,5
9133,9
9134,8
9135,2
9136,7
9137,3
9138,2
9139,2
9140,8
9141,9
9142,8
9143,3
9144,4
9145,1
9146,4
9147,3
9148,1
9149,5
9150,7
9151,3
9152,6
9153,6
9154,6
9155,5
9156,2
9157,5
9158,8
9159,3
9160,1
9161,7
9162,7
9163,3
9164,1
9165,3
9166,6
9167,8
9168,7
9169,8
9170,0
9171,8
9172,8
9173,5
9174,8
9175,6
9176,6
9177,8
9178,7
9179,6
9180,8
9181,0
9182,2
9183,9
9184,8
9185,5
9186,9
9187,9
9188,0
9189,4
9190,2
9191,2
9192,1
9193,4
9194,8
9195,0
9196,0
9197,4
9198,1
9199,8
9200,3
9201,0
9202,0
9203,8
9204,6
9205,8
9206,4
9207,0
9208,0
9209,3
9210,6
9211,3
9212,1
9213,3
9214,3
9215,0
9216,4
9217,9
9218,2
9219,5
9220,6
9221,4
9222,8
9223,7
9224,3
9225,7
9226,2
9227,4
9228,9
9229,4
9230,6
9231,8
9232,9
9233,4
9234,6
9235,4
9236,8
9237,5
9238,8
9239,8
9240,3
9241,4
9242,4
9243,8
9244,3
9245,5
9246,6
9247,8
9248,2
9249,3
9250,6
9251,7
9252,2
9253,8
9254,9
9255,9
9256,1
9257,0
9258,7
9259,7
9260,1
9261,3
9262,5
9263,8
9264,8
9265,3
9266,0
9267,2
9268,0
9269,9
9270,9
9271,0
9272,5
9273,1
9274,5
9275,5
9276,2
9277,1
9278,2
9279,8
9280,3
9281,3
9282,0
9283,5
9284,8
9285,4
9286,9
9287,2
9288,0
9289,0
9290,4
9291,1
9292,1
9293,0
9294,3
9295,7
9296,4
9297,9
9298,3
9299,8
9300,1
9301,5
9302,2
9303,0
9304,1
9305,3
9306,8
9307,3
9308,5
9309,5
9310,0
9311,0
9312,7
9313,7
9314,9
9315,4
9316,8
9317,0
9318,8
9319,4
9320,9
9321,7
9322,4
9323,3
9324,5
9325,7
9326,1
9327,1
9328,3
9329,8
9330,5
9331,2
9332,6
9333,5
9334,4
9335,5
9336,1
9337,6
9338,1
9339,4
9340,6
9341,5
9342,2
9343,9
9344,6
9345,7
9346,3
9347,5
9348,5
9349,3
9350,4
9351,1
9352,2
9353,9
9354,4
9355,7
9356,3
9357,2
9358,1
9359,1
9360,4
9361,4
9362,8
9363,7
9364,4
9365,6
9366,8
9367,2
9368,4
9369,6
9370,1
9371,5
9372,0
9373,3
9374,1
9375,1
9376,7
9377,1
9378,2
9379,6
9380,5
9381,7
9382,8
9383,7
9384,1
9385,1
9386,7
9387,3
9388,8
9389,2
9390,4
9391,0
9392,4
9393,7
9394,7
9395,4
9396,9
9397,4
9398,4
9399,7
9400,1
9401,9
9402,0
9403,2
9404,8
9405,6
9406,6
9407,3
9408,5
9409,5
9410,1
9411,1
9412,5
9413,8
9414,7
9415,9
9416,1
9417,0
9418,6
9419,5
9420,1
9421,8
9422,1
9423,9
9424,6
9425,7
9426,9
9427,4
9428,3
9429,2
9430,7
9431,3
9432,0
9433,0
9434,6
9435,9
9436,5
9437,3
9438,5
9439,9
9440,5
9441,4
9442,0
9443,4
9444,3
9445,4
9446,6
9447,5
9448,1
9449,9
9450,6
9451,9
9452,3
9453,6
9454,6
9455,9
9456,7
9457,5
9458,8
9459,1
9460,2
9461,1
9462,0
9463,1
9464,7
9465,3
9466,1
9467,7
9468,0
9469,2
9470,9
9471,3
9472,7
9473,5
9474,0
9475,1
9476,5
9477,6
9478,4
9479,6
9480,0
9481,5
9482,7
9483,1
9484,3
9485,8
9486,3
9487,9
9488,0
9489,0
9490,5
9491,2
9492,3
9493,6
9494,9
9495,2
9496,1
9497,5
9498,6
9499,0
9500,1
9501,9
9502,9
9503,5
9504,6
9505,0
9506,0
9507,0
9508,0
9509,5
9510,7
9511,7
9512,0
9513,9
9514,0
9515,3
9516,3
9517,3
9518,9
9519,2
9520,8
9521,8
9522,2
9523,2
9524,9
9525,6
9526,3
9527,3
9528,7
9529,5
9530,8
9531,3
9532,5
9533,7
9534,9
9535,5
9536,0
9537,5
9538,4
9539,3
9540,5
9541,2
9542,9
9543,8
9544,9
9545,7
9546,7
9547,4
9548,8
9549,9
9550,8
9551,9
9552,2
9553,7
9554,9
9555,9
9556,6
9557,5
9558,7
9559,1
9560,7
9561,6
9562,6
9563,4
9564,7
9565,9
9566,1
9567,2
9568,2
9569,2
9570,1
9571,1
9572,6
9573,8
9574,5
9575,5
9576,8
9577,0
9578,7
9579,5
9580,1
9581,9
9582,3
9583,7
9584,0
9585,7
9586,0
9587,7
9588,5
9589,0
9590,0
9591,3
9592,3
9593,6
9594,6
9595,2
9596,5
9597,4
9598,5
9599,3
9600,1
9601,1
9602,5
9603,1
9604,9
9605,8
9606,1
9607,2
9608,9
9609,6
9610,5
9611,8
9612,4
9613,9
9614,9
9615,2
9616,3
9617,7
9618,0
9619,1
9620,5
9621,4
9622,7
9623,2
9624,8
9625,9
9626,8
9627,6
9628,0
9629,2
9630,9
9631,4
9632,9
9633,9
9634,5
9635,1
9636,3
9637,4
9638,1
9639,4
9640,8
9641,0
9642,0
9643,3
9644,2
9645,6
9646,8
9647,9
9648,4
9649,3
9650,3
9651,2
9652,8
9653,7
9654,8
9655,4
9656,6
9657,6
9658,8
9659,2
9660,1
9661,5
9662,0
9663,1
9664,3
9665,8
9666,0
9667,0
9668,9
9669,5
9670,0
9671,5
9672,1
9673,2
9674,5
9675,9
9676,6
9677,9
9678,0
9679,9
9680,9
9681,3
9682,2
9683,9
9684,4
9685,3
9686,2
9687,2
9688,2
9689,1
9690,9
9691,0
9692,7
9693,2
9694,2
9695,3
9696,6
9697,2
9698,6
9699,2
9700,1
9701,8
9702,0
9703,7
9704,1
9705,5
9706,3
9707,6
9708,1
9709,6
9710,0
9711,0
9712,6
9713,9
9714,3
9715,3
9716,0
9717,9
9718,8
9719,0
9720,5
9721,9
9722,7
9723,1
9724,1
9725,9
9726,3
9727,2
9728,7
9729,4
9730,1
9731,2
9732,3
9733,9
9734,4
9735,3
9736,3
9737,6
9738,1
9739,7
9740,2
9741,5
9742,8
9743,0
9744,1
9745,6
9746,9
9747,8
9748,2
9749,4
9750,4
9751,0
9752,7
9753,6
9754,3
9755,7
9756,7
9757,6
9758,8
9759,7
9760,5
9761,9
9762,5
9763,0
9764,6
9765,7
9766,0
9767,1
9768,2
9769,3
9770,1
9771,8
9772,1
9773,2
9774,1
9775,8
9776,9
9777,3
9778,6
9779,6
9780,7
9781,0
9782,5
9783,8
9784,3
9785,4
9786,7
9787,6
9788,8
9789,3
9790,9
9791,5
9792,6
9793,7
9794,6
9795,0
9796,0
9797,5
9798,3
9799,9
9800,3
9801,0
9802,0
9803,0
9804,8
9805,1
9806,3
9807,6
9808,6
9809,7
9810,6
9811,1
9812,4
9813,8
9814,1
9815,2
9816,1
9817,6
9818,1
9819,8
9820,2
9821,0
9822,7
9823,9
9824,4
9825,0
9826,0
9827,2
9828,0
9829,6
9830,1
9831,2
9832,8
9833,0
9834,3
9835,4
9836,6
9837,4
9838,0
9839,1
9840,9
9841,2
9842,7
9843,8
9844,0
9845,8
9846,2
9847,6
9848,3
9849,5
9850,8
9851,0
9852,2
9853,9
9854,1
9855,8
9856,8
9857,0
9858,4
9859,4
9860,7
9861,7
9862,0
9863,4
9864,7
9865,9
9866,4
9867,4
9868,2
9869,1
9870,9
9871,1
9872,1
9873,5
9874,4
9875,8
9876,7
9877,1
9878,5
9879,0
9880,2
9881,8
9882,5
9883,7
9884,6
9885,2
9886,6
9887,0
9888,3
9889,1
9890,8
9891,7
9892,6
9893,7
9894,3
9895,8
9896,0
9897,9
9898,8
9899,8
9900,6
9901,1
9902,7
9903,9
9904,9
9905,0
9906,7
9907,7
9908,8
9909,7
9910,9
9911,9
9912,8
9913,2
9914,2
9915,8
9916,8
9917,7
9918,5
9919,3
9920,3
9921,7
9922,7
9923,2
9924,2
9925,5
9926,9
9927,0
9928,8
9929,3
9930,0
9931,4
9932,7
9933,2
9934,1
9935,6
9936,6
9937,3
9938,2
9939,2
9940,9
9941,9
9942,2
9943,7
9944,8
9945,7
9946,2
9947,8
9948,4
9949,7
9950,4
9951,9
9952,1
9953,3
9954,3
9955,4
9956,2
9957,0
9958,4
9959,8
9960,7
9961,8
9962,9
9963,7
9964,6
9965,0
9966,6
9967,8
9968,5
9969,8
9970,4
9971,9
9972,1
9973,1
9974,1
9975,2
9976,1
9977,8
9978,1
9979,9
9980,0
9981,0
9982,6
9983,4
9984,7
9985,1
9986,9
9987,5
9988,3
9989,0
9990,3
9991,7
9992,7
9993,7
9994,4
9995,4
9996,0
9997,3
9998,8
9999,0
