sepal length (cm),sepal width (cm),petal length (cm),petal width (cm),target,prediction
1.03845,-1.10874,-0.938537,-1.17282,-0.77065,1.87625,-0.0671241,0.171178,0.721302,2.78304,0.0644255,109,156.333
1.04629,-0.497786,1.06549,0.957193,0.459841,2.31016,1.86845,0.0163735,0.721302,1.55977,1.28358,272,199.333
1.05412,-1.56696,1.06549,-0.198452,0.315077,-0.785107,-0.455555,-0.293235,-0.0544992,-0.698949,0.238591,60,75.2857
1.06196,-0.115937,1.06549,-0.696965,-0.336359,0.169509,0.341057,0.325982,-0.0544992,-0.59546,-1.59015,54,200
1.0698,-1.26148,1.06549,1.04783,0.387459,-0.351191,-0.633311,-0.370637,-0.0544992,1.04636,-1.24182,221,99
1.07764,-0.421416,-0.938537,-1.78463,-0.553505,-0.756179,-0.718897,0.867796,-1.08632,-1.73191,-0.980568,90,45.6
1.08547,0.8005,1.06549,0.118784,0.676986,0.140581,0.367391,-0.525441,0.721302,0.311593,1.28358,311,105.25
1.09331,0.342282,-0.938537,0.43602,0.459841,-0.293335,-0.277798,-0.138431,-0.0544992,0.279972,0.848171,281,122
1.10115,0.87687,-0.938537,-0.153132,0.604604,-0.900818,-1.01516,1.1,-1.6061,-1.5165,0.49984,182,94.6667
1.10899,0.418651,1.06549,2.20348,1.47319,-0.756179,-0.560892,-0.525441,-0.0544992,0.0779785,0.848171,321,237
1.11682,-1.03237,1.06549,-0.515688,0.0016638,-0.987601,-0.59381,-1.37686,0.597174,0.403583,0.238591,58,208
1.12466,0.0368026,1.06549,-0.130473,-0.408741,-0.206552,0.104049,-0.835049,0.721302,0.311593,2.06733,262,105.25
1.1325,0.72413,-0.938537,-0.810264,-0.263977,0.198437,0.110632,-0.138431,-0.0544992,0.655787,2.06733,206,240.455
1.14034,-0.956004,1.06549,2.88327,-0.336359,0.863775,0.670236,-0.912451,1.4971,1.49308,1.02234,233,306
1.14817,-0.192307,1.06549,3.58572,0.315077,0.632353,0.709737,-0.448039,0.721302,0.707531,0.674005,242,306
1.15601,-0.345046,1.06549,0.0508049,0.315077,0.458786,-0.211963,-0.525441,0.721302,1.79818,1.719,123,199.333
1.16385,-0.192307,-0.938537,0.798575,-0.843032,-0.524757,-0.0802912,-0.912451,0.333402,-0.108108,0.586922,167,95
1.17168,0.418651,-0.938537,-1.21814,-1.20494,-0.0329855,-0.264631,1.56441,-0.830301,-1.28615,-1.59015,63,68.7
1.17952,1.10598,1.06549,-0.198452,1.03889,1.06627,-0.402886,-0.293235,0.721302,2.50899,-0.370989,197,156.333
1.18736,-0.574155,1.06549,-0.493028,-0.336359,0.28522,0.268638,0.558188,-0.0544992,-0.229228,-0.458071,71,60.4444
1.1952,-1.56696,-0.938537,-0.221112,-0.119214,-1.39259,-1.1995,-0.0610285,-0.830301,-0.895001,-0.0226573,168,252
1.20303,-2.25429,-0.938537,-0.719625,-1.42209,-1.33473,-1.48259,0.171178,-0.830301,-0.012861,-1.67723,140,167
1.21087,0.95324,1.06549,-0.0624936,2.26939,0.748064,0.472729,0.558188,-0.0544992,0.589095,0.412757,217,236
1.21871,-0.0395671,-0.938537,1.43305,-0.119214,2.51266,2.73748,-0.525441,1.82294,0.969892,-0.0226573,121,346
1.22655,0.418651,1.06549,0.209423,0.387459,0.314148,0.940162,-1.29946,1.4971,0.198331,-1.3289,235,182
1.23438,0.342282,1.06549,0.0508049,-0.119214,-0.119769,0.229137,-1.06725,0.721302,0.476983,-0.806403,245,221.25
1.24222,-0.0395671,-0.938537,-0.810264,0.459841,-2.28935,-2.43063,0.480786,-1.6061,-0.985649,0.49984,40,60.4444
1.25006,0.342282,-0.938537,0.549318,1.23215,-1.27688,-0.929572,-0.293235,-0.713931,-1.0807,-0.545154,52,263
1.2579,-1.49059,1.06549,-1.87527,-1.56685,-0.900818,-0.541141,-0.680245,-0.0544992,-0.27139,-1.15473,104,167
1.26573,1.02961,-0.938537,1.27443,-0.481123,-0.49583,-1.52868,-0.912451,-0.0544992,2.18933,0.761088,132,240.455
1.27357,0.113172,1.06549,-0.606326,-0.191596,-0.669396,-0.606977,0.171178,-0.830301,-0.380819,0.151508,88,112
1.28141,0.72413,1.06549,-0.628986,0.0979316,1.96303,1.82894,0.712992,-0.0544992,0.505729,-0.806403,69,221.25
1.28924,0.495021,1.06549,-0.402389,1.03889,-1.33473,-1.28508,0.0937755,-0.830301,-0.545633,-0.283906,219,199
1.29708,0.418651,-0.938537,-0.855583,-0.336359,-0.177624,-0.369968,1.1,-0.830301,-0.646438,0.0644255,72,94.6667
1.30492,-0.956004,-0.938537,0.322721,-1.56685,-1.04546,-0.363385,-0.602843,-0.0544992,-2.19416,-1.59015,201,172
1.31276,1.10598,1.06549,-0.515688,1.18366,-0.148697,-0.106626,-0.448039,-0.0544992,0.561689,-0.806403,110,156.333
1.32059,-0.115937,1.06549,0.0281452,-1.784,-0.23548,-0.350218,1.0226,-0.830301,-0.865679,-1.8514,51,60.4444
1.32843,0.189542,1.06549,1.45571,1.25604,0.372003,-0.488473,-0.989853,0.721302,2.1717,1.54483,277,240.455
1.33627,-0.497786,-0.938537,-1.4674,-1.3497,-1.24795,-1.06124,0.403384,-0.830301,-1.87392,-1.06765,63,158
1.34411,-0.879634,1.06549,-0.628986,-0.046832,0.458786,0.768989,0.24858,-0.0544992,-0.865679,1.37067,118,105.25
1.35194,-1.56696,-0.938537,-0.968882,-0.915414,-0.611541,-0.488473,0.325982,-0.830301,-0.836933,-0.458071,69,167
1.35978,0.72413,-0.938537,0.3907,1.18366,0.256292,-1.14683,-1.45426,1.4971,2.73475,0.151508,273,281
1.36762,-1.26148,-0.938537,0.0281452,-0.625886,-0.148697,-0.455555,0.24858,-0.0544992,0.668819,-1.15473,258,156.333
1.37546,-1.79607,1.06549,-0.651646,-0.481123,-1.33473,-1.14025,0.403384,-0.830301,-2.02743,-0.71932,43,31
1.38329,1.10598,-0.938537,-0.0851533,-0.649772,-0.987601,-1.22583,-0.293235,-0.543254,0.758125,0.49984,198,281
1.39113,0.265912,-0.938537,0.322721,-0.698268,0.863775,0.676819,-0.0610285,-0.0544992,0.94747,-1.41598,242,156.333
1.39897,1.25872,1.06549,0.481339,1.03889,0.343075,0.248887,-0.293235,-0.0544992,0.831333,0.412757,232,156.333
1.40681,-0.497786,-0.938537,0.957193,1.90748,-0.380119,-0.745232,1.48701,-0.830301,-0.725779,-0.196823,175,263
1.41464,0.342282,-0.938537,-0.946222,-1.20494,-0.727252,-1.13366,1.56441,-1.6061,-0.895001,0.848171,93,90.1429
1.42248,2.3279,1.06549,-0.696965,-0.481123,-0.090841,0.426644,-1.29946,1.4971,0.327308,0.935254,168,105.25
1.43032,-0.421416,-0.938537,2.04486,-0.119214,-0.119769,-0.50164,-0.448039,-0.0544992,1.29684,0.848171,275,306
1.43815,-0.345046,-0.938537,1.13847,1.47319,-0.698324,-0.587226,0.171178,-0.830301,-0.570355,-0.196823,293,263
1.44599,1.02961,1.06549,2.58869,1.76271,-2.20257,-2.1212,-1.45426,-0.0544992,0.77039,-0.632237,281,308
1.45383,-1.18511,-0.938537,-1.69399,-1.784,-0.785107,-0.77815,0.712992,-0.830301,-1.18055,-2.89639,72,143
1.46167,0.571391,-0.938537,1.95422,-1.10867,0.169509,0.834825,-0.602843,0.442014,-1.0167,0.412757,140,237
1.4695,1.33509,-0.938537,-1.05952,2.26939,0.661281,0.406893,-0.370637,0.49632,1.22018,0.848171,189,243
1.47734,-1.10874,1.06549,-0.243771,1.18366,1.18198,1.53268,-0.835049,1.4971,0.642563,-0.10974,181,156.333
1.48518,-0.192307,1.06549,-0.583667,0.170313,1.00841,0.782156,-0.602843,0.721302,1.38864,-0.893485,209,156.333
1.49302,0.113172,-0.938537,1.22911,-0.915414,-1.53723,-1.52209,0.403384,-1.6061,-1.0807,-0.545154,136,145
1.50085,1.5642,-0.938537,1.7956,1.32842,0.314148,0.275222,0.325982,-0.0544992,0.130489,1.80608,261,237
1.50869,-1.10874,-0.938537,-0.0171742,-0.553505,0.227364,0.150134,1.0226,-0.830301,-0.752992,0.412757,113,58
1.51653,1.71694,1.06549,0.141444,-0.0953278,2.31016,2.46097,-0.680245,1.93155,1.15042,0.151508,131,249
1.52437,-0.115937,-0.938537,0.186763,-1.06018,0.54557,0.992831,-0.912451,1.4971,0.311593,0.0644255,174,182
1.5322,-0.574155,-0.938537,1.6823,2.07613,-0.0619132,0.380559,-0.370637,0.0696291,-0.620758,0.761088,257,178
1.54004,-1.10874,-0.938537,1.50103,-1.56685,-0.322263,-0.0276227,0.0937755,-0.450158,-0.985649,0.0644255,55,172
1.54788,0.189542,-0.938537,-0.515688,-0.553505,2.07874,1.98037,1.48701,-0.0544992,-0.449811,0.151508,84,158
1.55571,-0.421416,-0.938537,-1.15016,-1.13256,-1.39259,-1.20608,0.24858,-0.830301,-1.55771,-0.10974,42,125.25
1.56355,0.495021,-0.938537,-0.764944,0.0016638,0.02487,0.729488,-0.912451,0.721302,-0.698949,1.28358,146,105.25
1.57139,0.8005,1.06549,0.345381,0.459841,0.834847,0.946746,-0.912451,1.4971,1.04636,0.325674,212,156.333
1.57923,-1.64333,1.06549,1.63698,1.11128,1.64482,1.35493,0.558188,-0.0544992,0.855097,-0.196823,233,346
1.58706,0.189542,1.06549,-0.832923,0.604604,0.805919,1.54585,-1.53167,2.27291,0.327308,-0.980568,91,200
1.5949,0.0368026,1.06549,0.232083,-0.408741,-0.351191,-0.0802912,-0.989853,0.721302,0.505729,0.49984,111,221.25
1.60274,-1.64333,-0.938537,-0.855583,-1.71161,-2.11578,-2.37137,0.480786,-1.6061,-0.426622,-1.06765,152,58
1.61058,0.647761,1.06549,-0.719625,0.918017,1.21091,1.4471,-0.680245,1.21006,0.745477,1.80608,120,240.455
1.61841,-0.726895,1.06549,0.118784,-0.119214,-1.53723,-1.318,-0.138431,-0.830301,-0.954986,0.674005,67,31
1.62625,1.02961,1.06549,1.86358,1.83509,0.748064,0.452978,-0.525441,0.721302,1.38864,2.76399,310,270
1.63409,-0.879634,-0.938537,-0.696965,-0.481123,0.979486,0.874326,1.1774,-0.51998,-0.545633,-0.806403,94,58
1.64193,-0.192307,-0.938537,-1.19548,-1.06018,0.458786,0.953329,-0.602843,0.721302,-0.20853,-0.370989,183,105.25
1.64976,1.48783,1.06549,-0.651646,0.459841,-0.785107,-0.988824,0.712992,-0.830301,-0.31451,-0.0226573,66,94.6667
1.6576,0.189542,-0.938537,1.16113,-0.119214,1.21091,0.940162,-0.0610285,0.488562,1.17074,2.2415,173,240.455
1.66544,-0.574155,-0.938537,-1.26346,-0.625886,0.979486,0.42006,2.57064,-0.830301,-1.0807,-0.196823,72,45.6
1.67328,0.342282,-0.938537,0.0281452,0.170313,0.111653,0.229137,0.63559,-0.830301,-0.954986,0.674005,49,94.6667
1.68111,-0.268676,-0.938537,-0.493028,-0.843032,-0.351191,0.0974651,-0.370637,-0.0544992,-0.808569,-0.806403,64,105
1.68895,-1.18511,-0.938537,-1.55803,-1.06018,-0.524757,-0.988824,1.95142,-1.6061,-1.28615,-0.980568,48,58
1.69679,0.87687,1.06549,0.41336,1.25604,-0.119769,-0.053957,-0.602843,-0.0544992,0.655787,0.151508,178,156.333
1.70462,-0.115937,1.06549,-0.33441,-1.42209,1.03734,1.66435,-0.602843,0.721302,-0.380819,0.935254,104,105.25
1.71246,0.87687,1.06549,-0.33441,0.363573,-0.785107,-0.290965,-0.525441,-0.232934,-0.985649,0.325674,132,31
1.7203,-0.956004,-0.938537,0.821235,0.0255498,0.343075,0.321306,-0.602843,0.558384,0.936163,-0.545154,220,156.333
1.72814,-0.956004,-0.938537,-1.53537,-1.71161,1.76054,0.584649,3.65427,-0.830301,-0.0887522,0.0644255,57,158
