,feature1,feature2,true_label,cluster
1,0.430884,-1.49971,1,0
2,1.18386,-1.06184,1,0
3,-0.495067,-0.281757,0,1
4,-0.565215,-0.24895,0,1
5,-0.791427,-0.393422,0,1
6,-0.365445,-1.06419,1,0
7,0.26342,-1.4862,1,0
8,-1.34475,-1.0157,0,1
9,0.93723,-1.34645,1,0
10,0.0243524,-0.39745,0,1
11,-0.272616,-1.07627,1,0
12,1.29363,-0.872428,1,0
13,-1.23658,-0.854917,0,1
14,1.24279,-1.04044,1,0
15,0.4878,-0.868989,0,1
16,0.898059,-1.38984,1,0
17,1.28545,-0.791254,1,0
18,-1.11306,-0.696237,0,1
19,-0.614227,-0.342091,0,1
20,0.42772,-0.899701,0,1
21,0.680167,-1.42192,1,0
22,0.569169,-1.47865,1,0
23,0.632571,-1.50839,1,0
24,0.865986,-1.43106,1,0
25,1.20191,-0.957646,1,0
26,-0.638872,-0.319674,0,1
27,1.38094,-0.875897,1,0
28,1.23071,-0.82678,1,0
29,0.886864,-1.37572,1,0
30,1.0146,-1.3737,1,0
31,0.358219,-1.42854,1,0
32,-1.18774,-0.66807,0,1
33,1.1249,-1.37469,1,0
34,0.0373213,-1.366,1,0
35,0.183573,-0.497846,0,1
36,-0.295808,-0.39324,0,1
37,-0.585943,-0.252499,0,1
38,-0.646482,-0.273953,0,1
39,0.410865,-1.46152,1,0
40,0.373821,-0.875876,0,1
41,1.10488,-1.08847,1,0
42,-0.56973,-0.395004,0,1
43,1.06967,-1.1677,1,0
44,-0.292265,-1.02838,1,0
45,0.210624,-1.32715,1,0
46,-0.424656,-0.301818,0,1
47,-0.392993,-0.382704,0,1
48,-0.206629,-0.336798,0,1
49,-1.32661,-1.00139,0,1
50,0.000571554,-1.47402,1,0
51,-1.25847,-0.658935,0,1
52,-1.08054,-0.479097,0,1
53,0.536747,-1.5601,1,0
54,1.08194,-1.40979,1,0
55,-0.989591,-0.525698,0,1
56,-1.25484,-0.946014,0,1
57,0.368598,-0.840284,0,1
58,-0.738325,-0.353822,0,1
59,-0.142513,-0.279759,0,1
60,-0.264002,-1.18087,1,0
61,-1.28802,-0.74583,0,1
62,-0.94526,-0.578005,0,1
63,-0.738399,-0.388072,0,1
64,0.32247,-0.951221,0,1
65,-0.326309,-0.872403,1,0
66,-0.823347,-0.421574,0,1
67,-0.170801,-0.282732,0,1
68,0.446841,-1.39983,1,0
69,0.901668,-1.40812,1,0
70,0.214541,-0.516438,0,1
71,-0.135992,-0.259867,0,1
72,-0.19536,-1.04796,1,0
73,-0.257375,-0.772136,1,0
74,-0.119284,-0.266017,0,1
75,-1.15567,-0.988894,0,1
76,1.22345,-1.15858,1,0
77,-1.05555,-0.820919,0,1
78,-0.943598,-0.581429,0,1
79,-0.685846,-0.336885,0,1
80,-0.219309,-1.2551,1,0
81,0.0402126,-1.36913,1,0
82,0.410733,-0.814488,0,1
83,0.034946,-0.478673,0,1
84,-0.427199,-0.952099,1,0
85,-0.350117,-0.952008,1,0
86,0.494884,-0.905978,0,1
87,-1.02836,-0.593781,0,1
88,-0.193999,-1.13725,1,0
89,-0.352179,-0.536185,1,1
90,-0.218792,-1.23548,1,0
91,0.471206,-1.59193,1,0
92,0.114311,-0.392111,0,1
93,-0.132142,-0.458524,0,1
94,1.20107,-1.16175,1,0
95,0.206519,-1.43761,1,0
96,-0.817051,-0.297414,0,1
97,-0.490227,-0.247772,0,1
98,0.353064,-0.855172,0,1
99,0.563552,-1.49504,1,0
100,-0.548164,-0.319764,0,1
101,0.0804435,-1.46998,1,0
102,-1.15239,-0.935043,0,1
103,0.503007,-1.54367,1,0
104,0.24453,-1.58948,1,0
105,-0.726708,-0.315631,0,1
106,0.340344,-0.991346,0,1
107,0.453219,-0.926833,0,1
108,0.452599,-1.53154,1,0
109,0.578394,-1.06292,0,1
110,-0.313203,-1.17148,1,0
111,-0.751566,-0.379256,0,1
112,1.04386,-1.31871,1,0
113,-1.18865,-1.18912,0,1
114,0.10828,-0.581683,0,1
115,0.383537,-0.647853,0,1
116,-0.532051,-0.337637,0,1
117,-0.274492,-0.785978,1,0
118,0.22201,-0.616238,0,1
119,0.361474,-0.763984,0,1
120,0.275824,-1.52403,1,0
121,0.0906368,-1.32182,1,0
122,1.20363,-1.1936,1,0
123,1.17025,-0.920205,1,0
124,-0.70705,-0.30171,0,1
125,0.230872,-0.654247,0,1
126,0.835751,-1.41169,1,0
127,0.986654,-1.33626,1,0
128,-0.464505,-0.715589,1,0
129,0.795499,-1.52969,1,0
130,-0.731421,-0.349159,0,1
131,0.876195,-1.39356,1,0
132,0.377084,-0.830244,0,1
133,0.0723279,-1.39195,1,0
134,1.35104,-0.674182,1,0
135,-1.17858,-0.504799,0,1
136,0.471776,-1.12186,0,1
137,-0.779089,-0.43088,0,1
138,-0.345583,-0.344141,0,1
139,0.035136,-1.44121,1,0
140,-0.000961527,-0.386607,0,1
141,0.664369,-1.42261,1,0
142,-0.0737224,-0.323313,0,1
143,1.37858,-0.874916,1,0
144,0.13114,-0.52765,0,1
145,-1.00736,-0.47264,0,1
146,1.12332,-1.40059,1,0
147,-1.18889,-0.781847,0,1
148,0.000440669,-1.39796,1,0
149,-0.307876,-0.308274,0,1
150,-0.323043,-0.768658,1,0
151,1.3829,-1.14649,1,0
152,0.62024,-1.44675,1,0
153,-0.236733,-1.37206,1,0
154,1.4191,-0.795076,1,0
155,-0.919294,-0.350549,0,1
156,1.25764,-0.869983,1,0
157,0.623536,-1.46202,1,0
158,0.144581,-0.600619,0,1
159,-0.451469,-0.316264,0,1
160,0.462675,-1.02921,0,1
161,-0.428192,-0.303203,0,1
162,-0.302253,-0.267194,0,1
163,0.0460352,-1.42305,1,0
164,1.19662,-0.926354,1,0
165,0.301961,-0.772366,0,1
166,0.386734,-0.73367,0,1
167,1.27727,-0.794512,1,0
168,0.152287,-1.4308,1,0
169,-0.100063,-1.27732,1,0
170,-0.404489,-0.449927,0,1
171,0.0512401,-0.284893,0,1
172,0.447484,-1.4693,1,0
173,-0.924177,-0.386365,0,1
174,-1.21554,-0.95646,0,1
175,0.349759,-0.602881,0,1
176,-0.00814756,-0.498991,0,1
177,0.459036,-1.47087,1,0
178,-1.1802,-0.847171,0,1
179,-0.833094,-0.361032,0,1
180,0.968482,-1.29856,1,0
181,-0.0312815,-0.399002,0,1
182,-0.912585,-0.708193,0,1
183,0.117448,-0.563448,0,1
184,0.395076,-1.03643,0,1
185,0.991962,-1.20332,1,0
186,-0.423743,-0.902974,1,0
187,-0.0210625,-1.43198,1,0
188,-0.327181,-0.251489,0,1
189,0.137939,-1.60404,1,0
190,1.21983,-1.20805,1,0
191,-1.18193,-0.515804,0,1
192,-0.266077,-1.1218,1,0
193,1.15136,-1.31656,1,0
194,0.988474,-1.13472,1,0
195,-0.250431,-1.35195,1,0
196,0.186184,-0.472018,0,1
197,-0.197594,-1.13712,1,0
198,-0.126583,-0.387397,0,1
199,-0.373849,-0.818877,1,0
200,-0.601587,-0.26947,0,1
201,-0.170785,-1.34667,1,0
202,-1.14019,-0.684479,0,1
203,-0.713397,-0.361895,0,1
204,-0.79057,-0.353756,0,1
205,0.682497,-1.44944,1,0
206,-0.204086,-1.23903,1,0
207,0.0786273,-0.643076,0,1
208,-1.3995,-0.888018,0,1
209,-0.382475,-0.263339,0,1
210,-0.373264,-1.03635,1,0
211,0.475281,-0.937937,0,1
212,0.645663,-1.42148,1,0
213,-0.498923,-0.754048,1,0
214,1.24479,-0.973095,1,0
215,-0.123465,-0.470653,0,1
216,-0.294891,-0.415761,0,1
217,0.751119,-1.38669,1,0
218,-0.727842,-0.405554,0,1
219,1.23232,-1.09512,1,0
220,0.169846,-0.669526,0,1
221,0.88491,-1.5644,1,0
222,-0.112664,-1.15045,1,0
223,-1.16346,-1.0667,0,1
224,-1.07524,-0.588817,0,1
225,0.0753907,-0.412674,0,1
226,-0.648923,-0.343667,0,1
227,0.39454,-0.840021,0,1
228,0.488278,-1.01708,0,1
229,0.719675,-1.39168,1,0
230,1.166,-1.04937,1,0
231,0.300533,-1.68564,1,-1
232,-0.624138,-0.334148,0,1
233,-1.30703,-1.00097,0,1
234,0.56567,-1.48856,1,0
235,0.00834536,-1.36306,1,0
236,0.187061,-1.47587,1,0
237,1.05384,-1.28077,1,0
238,0.751046,-1.39746,1,0
239,0.832592,-1.50806,1,0
240,1.34137,-0.789016,1,0
241,-1.20055,-0.801695,0,1
242,0.195179,-1.42402,1,0
243,-0.321246,-1.04947,1,0
244,0.479628,-0.698722,0,1
245,-0.99848,-0.521694,0,1
246,-0.977426,-0.498966,0,1
247,1.20926,-1.15477,1,0
248,0.681311,-1.44252,1,0
249,0.759356,-1.54583,1,0
250,-1.15059,-0.854538,0,1
251,0.0163199,-1.43916,1,0
252,-0.0204648,-0.389864,0,1
253,1.09544,-1.21855,1,0
254,-1.07829,-0.734772,0,1
255,0.274667,-1.40368,1,0
256,-0.0245453,-1.4249,1,0
257,-0.340728,-0.339173,0,1
258,-1.17446,-0.574427,0,1
259,-0.17574,-1.38019,1,0
260,0.596205,-1.35096,1,0
261,0.481872,-1.52523,1,0
262,0.10866,-0.515591,0,1
263,-1.08139,-0.552508,0,1
264,-0.116786,-1.25888,1,0
265,1.31499,-0.929367,1,0
266,0.57632,-1.51325,1,0
267,-1.10403,-0.601989,0,1
268,0.180553,-0.462864,0,1
269,0.103332,-1.48831,1,0
270,-0.355115,-1.18752,1,0
271,-0.347086,-0.25112,0,1
272,0.422731,-0.895401,0,1
273,-0.106926,-0.267738,0,1
274,1.28852,-0.871692,1,0
275,-0.350976,-1.04138,1,0
276,0.867976,-1.5143,1,0
277,1.20842,-1.0427,1,0
278,0.83623,-1.43896,1,0
279,-0.398047,-0.35336,0,1
280,1.17011,-1.20391,1,0
281,0.721718,-1.44833,1,0
282,0.984845,-1.33994,1,0
283,0.893317,-1.42391,1,0
284,-1.32137,-0.976773,0,1
285,-0.000288991,-0.448472,0,1
286,-1.09993,-0.689701,0,1
287,0.333491,-0.494748,0,1
288,0.929503,-1.43329,1,0
289,0.384585,-0.886441,0,1
290,1.10281,-0.953424,1,0
291,-1.14819,-0.677175,0,1
292,0.578792,-1.46131,1,0
293,0.336288,-0.746368,0,1
294,1.01549,-1.36731,1,0
295,-0.389461,-0.90828,1,0
296,-0.118699,-1.32661,1,0
297,-0.486142,-0.853236,1,0
298,0.922267,-1.38864,1,0
299,0.486763,-1.43907,1,0
300,-0.25821,-0.929644,1,0
301,-0.422224,-0.351179,0,1
302,-1.0469,-0.490509,0,1
303,1.25118,-0.835609,1,0
304,0.459271,-1.44606,1,0
305,-0.292657,-0.311071,0,1
306,-0.299866,-0.297006,0,1
307,1.2355,-0.760059,1,0
308,0.202042,-1.42182,1,0
309,-1.23395,-0.942421,0,1
310,-0.320974,-0.359559,0,1
311,-0.590333,-0.278438,0,1
312,0.935035,-1.45873,1,0
313,-0.569754,-0.252561,0,1
314,-1.24143,-0.624517,0,1
315,0.512219,-1.33589,1,0
316,-1.229,-0.851897,0,1
317,-1.20407,-0.868461,0,1
318,-0.34014,-0.680322,1,0
319,-0.00414626,-0.331961,0,1
320,0.267133,-1.49317,1,0
321,-0.109071,-1.29269,1,0
322,0.622103,-1.43291,1,0
323,-1.20764,-0.892398,0,1
324,-0.382577,-1.0748,1,0
325,-0.326583,-0.906397,1,0
326,1.42469,-0.843111,1,0
327,0.379619,-0.842118,0,1
328,1.25487,-0.954049,1,0
329,0.137738,-0.411798,0,1
330,-0.126403,-0.357286,0,1
331,1.38928,-0.847075,1,0
332,-0.236668,-1.20201,1,0
333,1.35474,-0.749605,1,0
334,-0.205638,-1.33178,1,0
335,-0.930109,-0.515617,0,1
336,-0.0254227,-1.47551,1,0
337,0.156053,-0.412756,0,1
338,0.295189,-0.773763,0,1
339,-1.24334,-0.709825,0,1
340,-1.04514,-0.651882,0,1
341,0.250019,-0.658603,0,1
342,-0.908792,-0.377809,0,1
343,0.396011,-1.43937,1,0
344,0.596641,-1.56227,1,0
345,0.288265,-1.67174,1,0
346,0.0093401,-1.36869,1,0
347,-0.0373059,-0.275175,0,1
348,-0.307693,-1.07097,1,0
349,-0.446416,-0.329926,0,1
350,0.755793,-1.47539,1,0
351,0.421379,-1.00097,0,1
352,-0.941636,-0.559348,0,1
353,0.130625,-0.474942,0,1
354,0.248505,-1.4722,1,0
355,-0.246966,-1.26285,1,0
356,-0.319062,-0.77408,1,0
357,-1.24331,-0.753101,0,1
358,-0.187608,-1.24797,1,0
359,-1.10485,-0.746117,0,1
360,0.122411,-0.530791,0,1
361,-1.28981,-0.915973,0,1
362,-0.133027,-1.22995,1,0
363,0.600556,-1.3407,1,0
364,0.72833,-1.40054,1,0
365,0.264525,-1.56135,1,0
366,-0.289746,-1.07471,1,0
367,0.416157,-0.86847,0,1
368,-1.24101,-0.941799,0,1
369,0.399472,-1.03063,0,1
370,1.08264,-1.31783,1,0
371,0.420625,-0.563665,0,1
372,0.583817,-1.52212,1,0
373,0.436087,-1.51163,1,0
374,-0.137557,-1.3066,1,0
375,0.31864,-1.48459,1,0
376,-0.328167,-0.936521,1,0
377,0.797824,-1.47549,1,0
378,1.17019,-0.771151,1,0
379,1.296,-0.846995,1,0
380,0.271049,-0.510703,0,1
381,1.09802,-1.12829,1,0
382,0.980481,-1.37552,1,0
383,0.273208,-1.32539,1,0
384,-0.150056,-1.33759,1,0
385,-0.435344,-1.01682,1,0
386,-0.410089,-0.234452,0,1
387,0.490444,-1.54521,1,0
388,0.704792,-1.517,1,0
389,-0.349093,-0.345908,0,1
390,0.0322585,-1.45542,1,0
391,-1.20349,-0.618712,0,1
392,-0.0163907,-1.41444,1,0
393,0.769254,-1.28488,1,0
394,-1.17906,-0.595651,0,1
395,0.893386,-1.23992,1,0
396,-1.00757,-0.714181,0,1
397,0.0312086,-0.44624,0,1
398,1.25387,-1.0681,1,0
399,1.36784,-0.903456,1,0
400,-0.392263,-0.78592,1,0
401,-0.094138,-1.37408,1,0
402,-0.611493,-0.244925,0,1
403,1.21186,-0.941522,1,0
404,0.76422,-1.4133,1,0
405,-0.213545,-0.417154,0,1
406,-0.256398,-1.1351,1,0
407,-0.482753,-0.338915,0,1
408,-0.490353,-0.241393,0,1
409,0.478049,-0.95962,0,1
410,1.13181,-1.13759,1,0
411,0.626453,-1.49576,1,0
412,-0.175579,-0.364076,0,1
413,-0.145117,-1.23828,1,0
414,0.308155,-0.714413,0,1
415,-1.35391,-0.87483,0,1
416,-1.15118,-0.879625,0,1
417,0.404215,-0.755598,0,1
418,0.418999,-1.48158,1,0
419,-1.29804,-0.809996,0,1
420,1.26151,-1.12388,1,0
421,-0.0759659,-0.464528,0,1
422,-1.14698,-0.901741,0,1
423,-0.149882,-0.332504,0,1
424,-0.921073,-0.423178,0,1
425,-0.170911,-1.35368,1,0
426,-0.0295543,-1.45066,1,0
427,-0.193634,-1.31542,1,0
428,-0.337334,-0.331904,0,1
429,-0.127839,-0.363575,0,1
430,1.2617,-0.910863,1,0
431,-1.2445,-0.984704,0,1
432,0.399941,-0.574673,0,1
433,-0.206621,-0.185537,0,1
434,-0.17528,-0.225795,0,1
435,-1.01932,-0.527175,0,1
436,-1.28831,-1.0432,0,1
437,-0.227437,-1.23038,1,0
438,-0.289745,-0.345407,0,1
439,0.283453,-0.488416,0,1
440,-0.108799,-1.28157,1,0
441,0.519076,-1.35975,1,0
442,-1.24584,-0.736095,0,1
443,0.0278167,-0.523049,0,1
444,1.26317,-0.948796,1,0
445,0.222033,-0.613943,0,1
446,0.295849,-1.58242,1,0
447,-0.0010294,-1.2709,1,0
448,-1.28607,-0.789192,0,1
449,0.61171,-1.50109,1,0
450,1.41437,-0.725822,1,0
451,-0.709522,-0.323451,0,1
452,-0.958931,-0.496677,0,1
453,0.10471,-0.571885,0,1
454,-0.249632,-1.14422,1,0
455,-0.392495,-1.10688,1,0
456,0.253925,-1.50696,1,0
457,0.724317,-1.43627,1,0
458,0.0281977,-1.56067,1,0
459,0.605054,-1.10096,0,1
460,0.120159,-0.733445,0,1
461,-1.10966,-1.05337,0,1
462,-0.010264,-0.359981,0,1
463,-0.176158,-0.300888,0,1
464,-1.30806,-0.763279,0,1
465,-0.15262,-0.439993,0,1
466,-1.24805,-0.72636,0,1
467,-1.10676,-0.550127,0,1
468,0.172863,-1.39249,1,0
469,-1.00868,-0.555248,0,1
470,1.12733,-1.34281,1,0
471,0.349728,-0.645979,0,1
472,0.279064,-1.54432,1,0
473,-0.188223,-0.382375,0,1
474,-0.176042,-0.293712,0,1
475,-1.19238,-0.950887,0,1
476,-0.741685,-0.314788,0,1
477,-1.01489,-0.590146,0,1
478,0.377254,-0.66961,0,1
479,-0.984556,-0.481855,0,1
480,-0.928287,-0.345343,0,1
481,1.28548,-1.02961,1,0
482,-0.618735,-0.277212,0,1
483,-0.381187,-1.09711,1,0
484,1.33756,-0.89512,1,0
485,-0.402545,-0.607667,1,0
486,-1.19278,-0.771781,0,1
487,0.100684,-0.517427,0,1
488,0.882741,-1.4351,1,0
489,0.998767,-1.40404,1,0
490,-0.992062,-0.593999,0,1
491,-0.385102,-0.322414,0,1
492,-0.0877558,-1.25861,1,0
493,0.923412,-1.27655,1,0
494,1.16862,-1.18408,1,0
495,1.13379,-1.26598,1,0
496,-1.10564,-0.635528,0,1
497,-1.13475,-0.634051,0,1
498,0.206477,-0.587043,0,1
499,0.843666,-1.3819,1,0
500,0.0177175,-1.43873,1,0
501,-0.61546,-0.254175,0,1
502,1.3691,-0.909439,1,0
503,-1.09701,-0.634875,0,1
504,0.382846,-0.765598,0,1
505,-1.20407,-0.685933,0,1
506,0.711452,-1.47223,1,0
507,0.196983,-0.621589,0,1
508,-0.605712,-0.255811,0,1
509,-0.577576,-0.459114,0,1
510,0.803616,-1.4354,1,0
511,-0.836575,-0.37485,0,1
512,-0.9685,-0.420137,0,1
513,1.16923,-1.43874,1,0
514,1.26635,-0.899935,1,0
515,0.397325,-1.43645,1,0
516,-0.639662,-0.292242,0,1
517,0.221722,-0.645357,0,1
518,-0.54861,-0.263832,0,1
519,1.01379,-1.24014,1,0
520,1.07095,-1.35183,1,0
521,1.15059,-1.09112,1,0
522,0.221482,-1.40537,1,0
523,0.442885,-1.5724,1,0
524,-1.19781,-0.645004,0,1
525,-0.364849,-1.0459,1,0
526,-0.375553,-0.781232,1,0
527,-1.17098,-0.989274,0,1
528,-0.368005,-1.18646,1,0
529,-0.1755,-0.348612,0,1
530,-1.0071,-0.378806,0,1
531,1.17941,-1.09685,1,0
532,0.406613,-0.837742,0,1
533,-0.0114481,-1.44459,1,0
534,1.43027,-1.16602,1,-1
535,-1.18835,-0.455543,0,1
536,-0.187447,-1.1775,1,0
537,1.31574,-1.11683,1,0
538,0.321647,-1.43294,1,0
539,-0.00494797,-1.35324,1,0
540,-0.0291336,-0.334137,0,1
541,1.27887,-0.970849,1,0
542,-0.0180444,-1.36233,1,0
543,-0.373586,-0.380341,0,1
544,-0.983306,-0.504668,0,1
545,1.26565,-0.922156,1,0
546,0.308135,-1.38816,1,0
547,-1.15363,-0.572454,0,1
548,-0.699971,-0.2496,0,1
549,-0.426988,-0.330571,0,1
550,-0.308186,-0.308714,0,1
551,-0.38491,-0.695484,1,0
552,1.11531,-1.1986,1,0
553,-1.28796,-1.03089,0,1
554,1.16173,-0.998798,1,0
555,-1.0089,-0.666363,0,1
556,-0.174472,-0.20685,0,1
557,-0.261705,-0.3098,0,1
558,1.00579,-1.25087,1,0
559,-0.202706,-1.30544,1,0
560,0.515658,-0.986204,0,1
561,0.265553,-0.601717,0,1
562,-0.124039,-0.445316,0,1
563,-0.412509,-0.97564,1,0
564,1.32124,-0.743514,1,0
565,-0.389045,-0.783352,1,0
566,0.281532,-0.754071,0,1
567,-1.04379,-0.475694,0,1
568,-1.10458,-0.654299,0,1
569,-0.260774,-1.02543,1,0
570,-0.272264,-0.744653,1,0
571,-1.19109,-0.420642,0,1
572,0.255122,-0.729647,0,1
573,1.09179,-1.38164,1,0
574,0.0451081,-1.33251,1,0
575,0.132598,-0.411148,0,1
576,-0.137646,-1.42008,1,0
577,-0.493961,-0.259042,0,1
578,-0.178122,-0.312542,0,1
579,-0.21226,-0.196711,0,1
580,0.0284213,-1.39301,1,0
581,0.110789,-1.4317,1,0
582,-1.16428,-0.832637,0,1
583,1.37248,-0.762812,1,0
584,-0.147524,-1.24781,1,0
585,0.985102,-1.36906,1,0
586,-1.10889,-0.547042,0,1
587,-0.856528,-0.455495,0,1
588,0.0821204,-1.42166,1,0
589,0.487486,-1.11518,0,1
590,1.2708,-0.860154,1,0
591,-0.718943,-0.417375,0,1
592,-0.0720749,-0.353824,0,1
593,0.285876,-1.08805,0,1
594,-0.0692971,-1.27599,1,0
595,-0.971325,-0.5592,0,1
596,1.29397,-0.761846,1,0
597,0.292132,-0.890418,0,1
598,-1.03337,-0.408655,0,1
599,0.0672525,-0.388945,0,1
600,0.39085,-0.638312,0,1
601,-1.07865,-0.653689,0,1
602,-0.387898,-0.815292,1,0
603,-0.370698,-0.895045,1,0
604,0.270535,-1.48215,1,0
605,1.19169,-1.14827,1,0
606,-1.04254,-0.55167,0,1
607,1.24994,-0.782502,1,0
608,-0.479098,-0.7828,1,0
609,1.23706,-1.05716,1,0
610,-0.377617,-0.325562,0,1
611,-0.137214,-0.392736,0,1
612,-0.563404,-0.374258,0,1
613,-0.331625,-0.350263,0,1
614,1.2841,-0.796375,1,0
615,-0.387039,-0.780031,1,0
616,0.464592,-1.54254,1,0
617,-0.671817,-0.35456,0,1
618,-1.13485,-0.565878,0,1
619,-1.02275,-0.673086,0,1
620,-0.222863,-1.23014,1,0
621,1.43486,-0.651555,1,0
622,0.818364,-1.31744,1,0
623,0.617398,-1.44147,1,0
624,0.171541,-0.444542,0,1
625,-1.37968,-0.937687,0,1
626,-0.421431,-0.92812,1,0
627,-0.0264547,-1.3215,1,0
628,0.281732,-1.44352,1,0
629,0.369421,-0.888374,0,1
630,-0.426506,-0.200857,0,1
631,-0.928635,-0.556336,0,1
632,0.0404897,-1.25221,1,0
633,0.0868911,-0.448976,0,1
634,0.62737,-1.4019,1,0
635,-0.486478,-0.866925,1,0
636,-0.958805,-0.46041,0,1
637,-0.336361,-0.753367,1,0
638,-1.23574,-0.790399,0,1
639,0.416163,-0.717319,0,1
640,1.16259,-1.19688,1,0
641,0.805418,-1.42992,1,0
642,-0.323682,-1.21354,1,0
643,-1.23099,-0.846874,0,1
644,1.22363,-1.21916,1,0
645,-1.14724,-0.731767,0,1
646,0.132926,-1.41669,1,0
647,1.15368,-1.01726,1,0
648,0.487475,-1.58924,1,0
649,-0.0625951,-0.309674,0,1
650,-1.2579,-0.970382,0,1
651,-0.53223,-0.272429,0,1
652,-1.21533,-0.680183,0,1
653,0.448278,-0.954821,0,1
654,0.48705,-1.08983,0,1
655,-0.290804,-0.328947,0,1
656,0.659803,-1.49244,1,0
657,-0.195136,-1.30465,1,0
658,1.34995,-0.731729,1,0
659,0.213166,-0.541421,0,1
660,1.11989,-1.25514,1,0
661,0.438502,-0.988135,0,1
662,1.3362,-0.785741,1,0
663,0.0239087,-1.47701,1,0
664,-0.306841,-0.835528,1,0
665,-1.17087,-0.680774,0,1
666,-0.338238,-0.93017,1,0
667,-0.312526,-1.08593,1,0
668,-1.20059,-0.67609,0,1
669,-0.249132,-1.02201,1,0
670,-0.060547,-0.455328,0,1
671,0.505394,-1.0332,0,1
672,-0.277865,-0.280631,0,1
673,-1.25219,-0.441678,0,1
674,0.383999,-0.932236,0,1
675,0.250562,-0.787386,0,1
676,-0.239936,-0.431874,0,1
677,0.503598,-0.93818,0,1
678,-0.358268,-0.856203,1,0
679,0.156564,-0.537508,0,1
680,0.318081,-0.810348,0,1
681,-0.2777,-0.980288,1,0
682,-0.457601,-1.09155,1,0
683,0.398752,-0.855811,0,1
684,1.27115,-1.09533,1,0
685,-1.29887,-0.938007,0,1
686,0.479733,-0.920347,0,1
687,0.933778,-1.30872,1,0
688,-0.967068,-0.50681,0,1
689,-0.262212,-1.18378,1,0
690,0.392955,-1.51753,1,0
691,0.863886,-1.40668,1,0
692,-0.403628,-0.813386,1,0
693,-0.995927,-0.40235,0,1
694,0.500021,-1.41764,1,0
695,-1.16725,-0.649239,0,1
696,-0.713131,-0.376137,0,1
697,0.791764,-1.59538,1,0
698,1.13192,-1.28977,1,0
699,1.28183,-0.924789,1,0
700,-0.0781308,-1.33329,1,0
701,0.490368,-0.915105,0,1
702,-0.206492,-1.18809,1,0
703,0.313146,-0.691346,0,1
704,-1.19184,-0.745174,0,1
705,-1.32699,-1.01436,0,1
706,0.154449,-0.576572,0,1
707,-0.0342636,-0.416643,0,1
708,-1.34108,-0.915634,0,1
709,-0.447816,-0.421772,0,1
710,-0.901712,-0.55847,0,1
711,-0.335134,-0.996472,1,0
712,-0.566326,-0.780467,1,0
713,0.21948,-0.523135,0,1
714,1.32775,-0.814659,1,0
715,0.407926,-0.689619,0,1
716,0.355228,-0.974846,0,1
717,0.0182691,-1.39023,1,0
718,0.137906,-0.507288,0,1
719,-0.336221,-1.00465,1,0
720,0.479694,-0.860147,0,1
721,-0.874701,-0.636054,0,1
722,0.461553,-1.62165,1,0
723,0.403234,-1.48372,1,0
724,1.28257,-0.793343,1,0
725,-0.19583,-1.12221,1,0
726,0.21082,-0.369856,0,1
727,0.331791,-0.556759,0,1
728,0.38127,-1.4121,1,0
729,0.389702,-0.962132,0,1
730,0.789916,-1.46592,1,0
731,0.406842,-0.701453,0,1
732,-1.07515,-0.431455,0,1
733,1.06707,-1.18047,1,0
734,-0.801978,-0.414152,0,1
735,0.252638,-0.589593,0,1
736,-0.0228893,-0.448465,0,1
737,-0.257649,-0.367045,0,1
738,-0.62715,-0.352431,0,1
739,-1.21548,-1.10434,0,1
740,-0.367145,-0.282832,0,1
741,0.333903,-0.802958,0,1
742,-0.332365,-0.807646,1,0
743,-1.27163,-1.06538,0,1
744,-0.313521,-0.932963,1,0
745,-0.132622,-1.30079,1,0
746,0.404207,-0.690384,0,1
747,-0.632796,-0.349644,0,1
748,0.435156,-0.857809,0,1
749,1.04102,-1.18217,1,0
750,0.357281,-1.47679,1,0
751,1.11816,-1.14348,1,0
752,-0.130708,-0.192657,0,1
753,0.973413,-1.28686,1,0
754,0.925189,-1.40283,1,0
755,-1.26258,-1.11574,0,1
756,-0.473761,-0.354588,0,1
757,0.0349418,-0.324542,0,1
758,0.877891,-1.45505,1,0
759,0.0541476,-0.32858,0,1
760,-0.0993514,-0.46643,0,1
761,0.479934,-0.763109,0,1
762,0.810722,-1.29173,1,0
763,-1.09424,-0.914524,0,1
764,-0.0789689,-0.327253,0,1
765,0.345692,-1.52418,1,0
766,0.327894,-1.49571,1,0
767,0.45963,-0.865593,0,1
768,0.432696,-0.853182,0,1
769,-0.249545,-0.976718,1,0
770,0.485776,-1.06257,0,1
771,0.476453,-1.49669,1,0
772,-0.630587,-0.365933,0,1
773,-0.651806,-0.324497,0,1
774,-0.604395,-0.739389,1,-1
775,-1.1425,-0.959743,0,1
776,-0.344356,-1.09429,1,0
777,0.938691,-1.37052,1,0
778,-0.255783,-1.18813,1,0
779,0.115709,-1.40142,1,0
780,0.310181,-0.873784,0,1
781,0.505093,-0.727319,0,1
782,-0.463627,-1.04997,1,0
783,0.381193,-0.779593,0,1
784,-0.834641,-0.358941,0,1
785,-0.24239,-1.13796,1,0
786,-1.35711,-0.857645,0,1
787,-0.0582731,-1.27484,1,0
788,0.891378,-1.44651,1,0
789,-0.580198,-0.35886,0,1
790,-0.346067,-0.786913,1,0
791,-1.12972,-0.737127,0,1
792,0.651101,-1.5031,1,0
793,-0.213981,-1.21622,1,0
794,0.696199,-1.63509,1,0
795,-0.492277,-0.231213,0,1
796,1.06738,-1.3691,1,0
797,-0.227954,-1.40803,1,0
798,1.38219,-0.81471,1,0
799,0.367161,-0.776737,0,1
800,-1.03789,-0.657422,0,1
801,1.35745,-0.817515,1,0
802,-1.1636,-0.916632,0,1
803,-0.00795544,-1.4153,1,0
804,-0.120618,-1.30621,1,0
805,0.387779,-0.863248,0,1
806,-0.0473706,-0.331139,0,1
807,-0.504688,-0.708825,1,0
808,1.1721,-1.09491,1,0
809,0.0961664,-0.452921,0,1
810,0.118738,-0.59731,0,1
811,0.314075,-0.635427,0,1
812,1.20622,-1.16087,1,0
813,-0.425747,-0.310788,0,1
814,0.790142,-1.54026,1,0
815,0.454245,-0.765158,0,1
816,0.585425,-1.63751,1,0
817,0.123709,-0.443271,0,1
818,1.30109,-0.817748,1,0
819,0.0430968,-1.36797,1,0
820,0.310091,-1.03867,0,1
821,-0.576881,-0.382932,0,1
822,-0.211482,-1.00955,1,0
823,-1.28835,-0.987838,0,1
824,-0.060982,-0.437792,0,1
825,-1.16001,-0.675138,0,1
826,-0.388308,-0.35893,0,1
827,0.331986,-1.48785,1,0
828,0.821774,-1.49174,1,0
829,-0.99177,-0.480964,0,1
830,1.09748,-1.35466,1,0
831,-0.398917,-1.06122,1,0
832,-0.569683,-0.273096,0,1
833,-1.28159,-0.896547,0,1
834,1.20644,-1.03801,1,0
835,0.297581,-0.627,0,1
836,-0.835818,-0.44404,0,1
837,0.428106,-1.45071,1,0
838,-1.21353,-1.04966,0,1
839,1.15707,-0.968078,1,0
840,-1.29919,-1.02033,0,1
841,-0.925683,-0.467984,0,1
842,0.284114,-0.49919,0,1
843,1.28083,-0.77994,1,0
844,-1.28142,-0.910052,0,1
845,-0.181966,-1.31558,1,0
846,0.250994,-1.26684,1,0
847,-0.225261,-1.1549,1,0
848,-0.277089,-1.16836,1,0
849,1.43604,-0.795568,1,0
850,0.359308,-1.08492,0,1
851,-0.277918,-1.03648,1,0
852,-1.20868,-0.832853,0,1
853,0.632201,-1.672,1,0
854,-0.404046,-0.3164,0,1
855,-0.360787,-0.722821,1,0
856,-1.34233,-0.965816,0,1
857,-0.282961,-0.330935,0,1
858,0.240475,-1.47912,1,0
859,0.610808,-1.52127,1,0
860,0.39665,-1.43437,1,0
861,-0.0614298,-0.385976,0,1
862,0.520148,-1.36938,1,0
863,-0.325991,-0.137877,0,-1
864,0.462848,-1.56688,1,0
865,-0.148224,-1.29472,1,0
866,0.407863,-0.725497,0,1
867,-1.00633,-0.561415,0,1
868,0.466301,-1.54153,1,0
869,-0.0453842,-1.28204,1,0
870,0.473457,-1.47436,1,0
871,1.38133,-0.938706,1,0
872,-0.702724,-0.443727,0,1
873,-1.00048,-0.380143,0,1
874,0.638765,-1.43757,1,0
875,0.159058,-0.439927,0,1
876,0.162795,-1.40525,1,0
877,0.1088,-0.353936,0,1
878,0.903247,-1.32407,1,0
879,1.17527,-0.99968,1,0
880,0.12397,-0.452227,0,1
881,0.513563,-0.694275,0,1
882,0.377911,-0.59566,0,1
883,-0.374904,-1.01134,1,0
884,-0.254177,-1.1011,1,0
885,-0.0463776,-1.39386,1,0
886,-1.19631,-0.814773,0,1
887,0.58462,-1.49526,1,0
888,-0.967242,-0.482184,0,1
889,-0.278921,-1.16353,1,0
890,0.306019,-0.774586,0,1
891,0.352309,-1.59514,1,0
892,-0.310089,-0.923013,1,0
893,-0.562301,-0.228151,0,1
894,-0.388549,-0.397543,0,1
895,-0.904018,-0.326702,0,1
896,0.608533,-1.46075,1,0
897,-0.814576,-0.386185,0,1
898,1.48235,-0.815262,1,0
899,-0.389895,-0.385684,0,1
900,-0.478639,-0.24117,0,1
901,0.380433,-1.03376,0,1
902,-0.361709,-0.378725,0,1
903,-0.381983,-1.25157,1,0
904,-0.41589,-0.971418,1,0
905,1.35529,-0.930196,1,0
906,-0.828385,-0.352638,0,1
907,1.08843,-1.22071,1,0
908,0.404347,-0.855265,0,1
909,-1.09583,-0.836733,0,1
910,1.07382,-1.08502,1,0
911,0.173757,-1.64629,1,0
912,1.18534,-1.04502,1,0
913,0.234715,-0.533794,0,1
914,-0.623275,-0.369974,0,1
915,0.298657,-0.695644,0,1
916,0.658832,-1.47601,1,0
917,-0.936635,-0.517953,0,1
918,-0.280112,-1.01314,1,0
919,-1.36449,-1.00748,0,1
920,0.395554,-0.843181,0,1
921,1.34231,-0.871912,1,0
922,0.223647,-0.580899,0,1
923,-0.4353,-1.23052,1,0
924,0.15547,-1.42188,1,0
925,-0.377218,-0.816796,1,0
926,-0.545262,-0.259211,0,1
927,0.0426589,-0.34809,0,1
928,0.425853,-0.894763,0,1
929,-0.382302,-0.932664,1,0
930,0.296947,-0.676968,0,1
931,-0.139101,-0.353525,0,1
932,1.18628,-0.89606,1,0
933,-0.18512,-0.222857,0,1
934,1.33799,-0.821753,1,0
935,0.339891,-1.40654,1,0
936,-0.832504,-0.402328,0,1
937,1.18912,-1.11436,1,0
938,-0.319399,-1.03688,1,0
939,-0.268541,-0.221899,0,1
940,-0.860595,-0.46137,0,1
941,1.09818,-1.12194,1,0
942,-0.235132,-0.29818,0,1
943,-0.551407,-0.438017,0,1
944,0.226316,-0.513655,0,1
945,0.437826,-1.08869,0,1
946,-0.909288,-0.492139,0,1
947,0.203969,-0.526465,0,1
948,1.13816,-1.30586,1,0
949,1.14576,-1.07255,1,0
950,-0.234286,-1.34755,1,0
951,1.18765,-1.1252,1,0
952,0.208324,-0.602997,0,1
953,0.28225,-0.538087,0,1
954,-1.28551,-0.765877,0,1
955,0.33426,-0.582869,0,1
956,-0.980869,-0.517918,0,1
957,0.753943,-1.38166,1,0
958,1.24095,-1.01437,1,0
959,-0.291676,-1.14384,1,0
960,-0.901414,-0.43272,0,1
961,-0.0783553,-1.42974,1,0
962,0.421753,-0.927851,0,1
963,0.893341,-1.41096,1,0
964,-0.948689,-0.628038,0,1
965,-0.292006,-0.669229,1,0
966,-1.2744,-0.783324,0,1
967,-0.373645,-0.989608,1,0
968,0.0167845,-0.337586,0,1
969,-1.21901,-1.04427,0,1
970,0.240928,-0.477154,0,1
971,0.332046,-0.601272,0,1
972,0.347438,-0.690199,0,1
973,1.06795,-1.25854,1,0
974,0.0554308,-0.490378,0,1
975,0.797029,-1.41348,1,0
976,-0.173197,-1.18687,1,0
977,0.259462,-0.558629,0,1
978,0.531086,-0.850693,0,1
979,-1.39763,-0.856878,0,1
980,0.315919,-0.705487,0,1
981,0.523165,-1.03117,0,1
982,-1.17122,-0.504207,0,1
983,0.00820113,-1.48748,1,0
984,1.30739,-1.15302,1,0
985,1.33724,-0.812259,1,0
986,-0.837249,-0.381211,0,1
987,-0.837537,-0.40648,0,1
988,-0.245425,-1.24908,1,0
989,-0.180335,-1.34742,1,0
990,0.455535,-0.987348,0,1
991,0.0967357,-1.34665,1,0
992,0.785447,-1.43073,1,0
993,0.543082,-0.871908,0,1
994,-0.29514,-1.09131,1,0
995,1.14726,-1.0446,1,0
996,-0.309293,-0.26241,0,1
997,-0.859161,-0.449794,0,1
998,-0.294136,-1.09908,1,0
999,1.17564,-1.27067,1,0
1000,-0.427036,-0.365391,0,1
1001,-1.23321,-1.08104,0,1
1002,-1.23212,-0.949543,0,1
1003,1.07636,-1.2797,1,0
1004,-0.596857,-0.36414,0,1
1005,-0.0139189,-0.36214,0,1
1006,0.322851,-0.828336,0,1
1007,-0.212896,-1.24992,1,0
1008,-0.00716149,-0.408583,0,1
1009,-0.589623,-0.330887,0,1
1010,-0.588398,-0.376986,0,1
1011,-1.1719,-0.571205,0,1
1012,0.207865,-0.597314,0,1
1013,0.334504,-1.08366,0,1
1014,0.975418,-1.3337,1,0
1015,0.799883,-1.46073,1,0
1016,-0.180265,-0.249402,0,1
1017,1.10583,-1.23536,1,0
1018,-0.199299,-1.01181,1,0
1019,-1.25779,-0.6189,0,1
1020,0.405018,-0.861525,0,1
1021,1.04856,-1.40518,1,0
1022,-0.194935,-0.344822,0,1
1023,0.841943,-1.47065,1,0
1024,-0.353467,-1.12176,1,0
1025,0.491513,-1.52808,1,0
1026,1.27452,-1.00599,1,0
1027,-0.0804375,-0.329132,0,1
1028,0.408026,-1.01005,0,1
1029,-1.17278,-0.880577,0,1
1030,1.09601,-1.2459,1,0
1031,0.379163,-1.49776,1,0
1032,-0.141529,-1.29982,1,0
1033,-1.32058,-1.12028,0,1
1034,0.173366,-0.440615,0,1
1035,-0.234664,-1.18706,1,0
1036,-0.658223,-0.326916,0,1
1037,-1.15637,-0.904082,0,1
1038,-0.486683,-0.804901,1,0
1039,1.14795,-1.22375,1,0
1040,-1.27053,-1.02818,0,1
1041,-0.483636,-0.300196,0,1
1042,-0.402422,-0.925949,1,0
1043,-1.22219,-0.684683,0,1
1044,0.374682,-0.72928,0,1
1045,-0.542434,-0.360999,0,1
1046,1.35724,-0.825681,1,0
1047,-0.184519,-1.41238,1,0
1048,-1.12548,-0.664858,0,1
1049,1.41379,-0.905912,1,0
1050,0.484887,-0.940262,0,1
1051,-0.289428,-1.06745,1,0
1052,0.475227,-1.5125,1,0
1053,1.18791,-0.895283,1,0
1054,-0.403807,-0.699125,1,0
1055,-0.786061,-0.318691,0,1
1056,0.424749,-1.03658,0,1
1057,-0.475037,-0.288253,0,1
1058,-0.0689104,-0.266324,0,1
1059,-1.2886,-1.00291,0,1
1060,0.774337,-1.37653,1,0
1061,1.24963,-1.04595,1,0
1062,-1.32947,-0.891293,0,1
1063,-0.296495,-1.01322,1,0
1064,0.247362,-0.602366,0,1
1065,-0.251771,-1.14777,1,0
1066,0.601831,-1.45889,1,0
1067,-0.0363805,-0.338429,0,1
1068,-0.264788,-0.267497,0,1
1069,1.2332,-1.02112,1,0
1070,0.247159,-1.42242,1,0
1071,-0.947098,-0.386797,0,1
1072,0.0297982,-1.4037,1,0
1073,-0.289941,-0.854361,1,0
1074,1.06236,-1.23193,1,0
1075,-0.364083,-0.81929,1,0
1076,0.264589,-1.42882,1,0
1077,-0.965483,-0.501058,0,1
1078,0.551596,-1.02531,0,1
1079,-0.344412,-0.321998,0,1
1080,0.86732,-1.31279,1,0
1081,-0.264027,-0.30629,0,1
1082,-0.628236,-0.348791,0,1
1083,-0.703129,-0.384057,0,1
1084,0.110922,-0.442704,0,1
1085,-0.2124,-1.10035,1,0
1086,0.614829,-1.43766,1,0
1087,0.00514456,-1.47014,1,0
1088,1.27365,-0.838189,1,0
1089,0.391875,-0.894899,0,1
1090,0.00662015,-1.38961,1,0
1091,0.194426,-1.54852,1,0
1092,-1.41533,-0.968838,0,1
1093,-0.0725942,-1.44845,1,0
1094,0.259391,-0.66454,0,1
1095,0.950802,-1.42785,1,0
1096,1.33784,-0.665602,1,0
1097,-0.432083,-0.8515,1,0
1098,-1.07482,-0.487773,0,1
1099,-1.37396,-0.97623,0,1
1100,0.794241,-1.35623,1,0
1101,-0.820677,-0.382669,0,1
1102,-1.01244,-0.473216,0,1
1103,-0.360585,-0.822754,1,0
1104,-0.96176,-0.362917,0,1
1105,-1.23218,-0.772649,0,1
1106,0.415941,-1.47983,1,0
1107,1.23884,-0.809475,1,0
1108,-0.303832,-0.929395,1,0
1109,0.450257,-0.746395,0,1
1110,-1.44158,-1.15765,0,-1
1111,0.227726,-1.52555,1,0
1112,-0.375523,-1.13495,1,0
1113,0.357166,-0.788053,0,1
1114,-1.12458,-0.817525,0,1
1115,-1.12278,-0.668416,0,1
1116,-0.32343,-0.343805,0,1
1117,-0.0814359,-0.400358,0,1
1118,-1.17427,-0.829368,0,1
1119,-0.176661,-1.24506,1,0
1120,-0.43883,-1.00198,1,0
1121,-0.326884,-1.07868,1,0
1122,0.463595,-0.90883,0,1
1123,0.930594,-1.36658,1,0
1124,-0.0759883,-1.29108,1,0
1125,-0.306637,-1.1052,1,0
1126,-0.408847,-0.826561,1,0
1127,1.42333,-0.680143,1,0
1128,0.452861,-1.15808,0,1
1129,-0.0513894,-1.41825,1,0
1130,0.987766,-1.35833,1,0
1131,-0.0510171,-0.407182,0,1
1132,1.12517,-1.24639,1,0
1133,1.2245,-0.954122,1,0
1134,-0.580364,-0.418677,0,1
1135,0.0487202,-1.36522,1,0
1136,0.270476,-1.37463,1,0
1137,-0.325721,-0.874796,1,0
1138,1.08526,-1.23896,1,0
1139,-0.128384,-0.359153,0,1
1140,0.743192,-1.46177,1,0
1141,-0.266331,-0.44249,0,1
1142,0.28111,-0.643597,0,1
1143,-1.03935,-0.4956,0,1
1144,0.504381,-0.973372,0,1
1145,1.17525,-1.05946,1,0
1146,-1.32975,-1.04907,0,1
1147,-0.344116,-1.02634,1,0
1148,0.434749,-1.47693,1,0
1149,-0.745195,-0.441356,0,1
1150,-0.0385059,-1.21186,1,0
1151,-1.19788,-0.974755,0,1
1152,-0.421706,-0.356243,0,1
1153,-0.733116,-0.427913,0,1
1154,-0.334388,-0.457215,0,1
1155,0.551821,-0.970983,0,1
1156,-1.10111,-0.888254,0,1
1157,0.437147,-1.01038,0,1
1158,-0.291037,-1.20283,1,0
1159,-0.357234,-1.01012,1,0
1160,1.02747,-1.17656,1,0
1161,-0.593284,-0.516801,0,1
1162,-0.168124,-1.29403,1,0
1163,-0.918266,-0.446366,0,1
1164,-0.397098,-0.577389,1,-1
1165,0.21624,-1.49061,1,0
1166,0.0776683,-0.426226,0,1
1167,0.537983,-1.5787,1,0
1168,-0.492786,-0.771035,1,0
1169,-0.896275,-0.360527,0,1
1170,0.300672,-0.667747,0,1
1171,-0.0739441,-1.39703,1,0
1172,-0.404836,-1.05297,1,0
1173,-1.16388,-0.726889,0,1
1174,-1.2235,-0.868042,0,1
1175,-0.944708,-0.564372,0,1
1176,1.35796,-0.88797,1,0
1177,0.603447,-1.05414,0,1
1178,0.301696,-0.62138,0,1
1179,-0.162509,-1.16318,1,0
1180,0.00489825,-1.48924,1,0
1181,1.33602,-0.786031,1,0
1182,0.198238,-0.542885,0,1
1183,0.395185,-1.44432,1,0
1184,0.0181481,-1.31211,1,0
1185,1.20332,-0.793675,1,0
1186,0.873196,-1.38188,1,0
1187,-1.14765,-0.6207,0,1
1188,0.203665,-0.623723,0,1
1189,-0.147839,-0.359192,0,1
1190,-0.845444,-0.60717,0,1
1191,1.11542,-1.28155,1,0
1192,0.810275,-1.32673,1,0
1193,0.887535,-1.43352,1,0
1194,-0.982765,-0.435128,0,1
1195,0.258608,-1.42125,1,0
1196,-0.804937,-0.305227,0,1
1197,0.232407,-0.700214,0,1
1198,0.626306,-1.46942,1,0
1199,0.443914,-1.02922,0,1
1200,0.254783,-1.42021,1,0
1201,-1.00579,-0.629118,0,1
1202,-1.22969,-0.93144,0,1
1203,0.826777,-1.36353,1,0
1204,0.01222,-1.3355,1,0
1205,1.13637,-1.17759,1,0
1206,-0.0915816,-1.37779,1,0
1207,1.30922,-1.0372,1,0
1208,-0.0841388,-0.376872,0,1
1209,-0.323832,-0.815923,1,0
1210,0.0865346,-0.58066,0,1
1211,0.402133,-0.972685,0,1
1212,-0.622535,-0.428855,0,1
1213,1.18163,-0.832733,1,0
1214,0.00855553,-0.511459,0,1
1215,0.48543,-0.905459,0,1
1216,-1.33472,-1.10561,0,1
1217,0.161467,-1.46646,1,0
1218,-0.748801,-0.323108,0,1
1219,0.925153,-1.43562,1,0
1220,1.42629,-0.727825,1,0
1221,-1.32947,-0.89016,0,1
1222,1.27654,-1.04525,1,0
1223,-1.16193,-0.759748,0,1
1224,1.38235,-0.96294,1,0
1225,0.746831,-1.38567,1,0
1226,0.578243,-1.47049,1,0
1227,0.899704,-1.36167,1,0
1228,1.22382,-0.993485,1,0
1229,-0.300673,-0.855538,1,0
1230,0.314464,-0.718027,0,1
1231,-0.0405248,-1.3421,1,0
1232,0.616903,-1.47767,1,0
1233,-0.444854,-0.938838,1,0
1234,0.937999,-1.29084,1,0
1235,-0.194168,-1.01716,1,0
1236,-0.375265,-1.26544,1,0
1237,0.125914,-0.704048,0,1
1238,1.15511,-1.08072,1,0
1239,-0.915629,-0.462074,0,1
1240,0.500786,-1.6053,1,0
1241,1.02996,-1.27639,1,0
1242,0.356928,-0.765447,0,1
1243,-0.987381,-0.544707,0,1
1244,1.05167,-1.24401,1,0
1245,0.495208,-1.52953,1,0
1246,0.44742,-1.04308,0,1
1247,0.34177,-0.52761,0,1
1248,-0.53847,-0.332075,0,1
1249,1.31263,-0.791449,1,0
1250,0.12154,-0.438627,0,1
1251,1.29969,-0.826991,1,0
1252,0.418953,-1.62258,1,0
1253,0.352775,-1.07544,0,1
1254,0.132265,-1.4567,1,0
1255,1.12267,-1.14663,1,0
1256,0.153206,-1.50906,1,0
1257,-0.772793,-0.276956,0,1
1258,0.110617,-0.507383,0,1
1259,-0.268853,-1.07496,1,0
1260,1.08071,-1.30648,1,0
1261,-0.395757,-1.04612,1,0
1262,1.30257,-1.0333,1,0
1263,-1.08501,-0.801573,0,1
1264,-0.324706,-0.330943,0,1
1265,1.10336,-1.34083,1,0
1266,-0.0405744,-0.47983,0,1
1267,0.240907,-0.686076,0,1
1268,-0.813409,-0.37357,0,1
1269,-1.35967,-0.84587,0,1
1270,1.30816,-0.748067,1,0
1271,1.24187,-0.997878,1,0
1272,-1.02667,-0.51528,0,1
1273,-0.156746,-1.21865,1,0
1274,-0.860821,-0.34001,0,1
1275,1.17668,-1.0776,1,0
1276,0.715383,-1.57447,1,0
1277,0.234563,-0.595738,0,1
1278,-0.629331,-0.225622,0,1
1279,-0.14156,-1.26973,1,0
1280,1.24299,-1.09718,1,0
1281,-1.15135,-0.639374,0,1
1282,-0.766193,-0.382557,0,1
1283,0.0201457,-0.460226,0,1
1284,0.593756,-1.60403,1,0
1285,0.661928,-1.55278,1,0
1286,-1.09292,-0.613723,0,1
1287,0.236423,-0.623452,0,1
1288,-0.406024,-0.731762,1,0
1289,0.0250518,-1.43518,1,0
1290,0.248468,-0.563825,0,1
1291,-0.164688,-1.18853,1,0
1292,-0.102487,-0.3677,0,1
1293,-0.122578,-0.323965,0,1
1294,1.095,-1.13412,1,0
1295,-0.500001,-0.345734,0,1
1296,0.366596,-0.797378,0,1
1297,0.722288,-1.49967,1,0
1298,0.135352,-0.417692,0,1
1299,-0.262956,-0.904079,1,0
1300,-0.00305135,-0.36476,0,1
1301,1.28017,-0.954938,1,0
1302,1.24976,-0.892448,1,0
1303,0.646202,-1.44814,1,0
1304,-0.462865,-0.306629,0,1
1305,1.12514,-1.27506,1,0
1306,-0.272051,-1.09844,1,0
1307,0.136033,-0.613569,0,1
1308,-1.23372,-0.626265,0,1
1309,0.520465,-1.00424,0,1
1310,0.311182,-0.736794,0,1
1311,-1.1773,-0.894921,0,1
1312,1.3168,-0.827993,1,0
1313,-0.196924,-1.31023,1,0
1314,0.957994,-1.32279,1,0
1315,1.08056,-1.37097,1,0
1316,1.20964,-1.05937,1,0
1317,-0.667572,-0.306902,0,1
1318,0.542447,-1.57489,1,0
1319,0.862928,-1.44449,1,0
1320,-1.26443,-0.778033,0,1
1321,1.15695,-1.11125,1,0
1322,0.837172,-1.30438,1,0
1323,1.07397,-1.12573,1,0
1324,-0.205563,-0.418736,0,1
1325,-1.21882,-0.842221,0,1
1326,-1.2318,-0.986397,0,1
1327,0.993405,-1.35581,1,0
1328,-0.104881,-1.40339,1,0
1329,-1.11619,-0.72459,0,1
1330,-1.20286,-0.740755,0,1
1331,1.00249,-1.30006,1,0
1332,0.893567,-1.45997,1,0
1333,1.24618,-0.746212,1,0
1334,0.873897,-1.41991,1,0
1335,1.12576,-1.0243,1,0
1336,-0.472898,-0.855642,1,0
1337,-1.31836,-0.716438,0,1
1338,0.135861,-1.38316,1,0
1339,-1.11887,-0.475702,0,1
1340,-1.30488,-0.951971,0,1
1341,-1.09382,-0.603201,0,1
1342,0.359768,-1.41933,1,0
1343,1.07148,-1.44912,1,0
1344,0.614286,-1.46738,1,0
1345,-0.951896,-0.4348,0,1
1346,0.2771,-1.42374,1,0
1347,-0.93022,-0.389353,0,1
1348,0.5919,-1.37468,1,0
1349,-1.31184,-1.05079,0,1
1350,1.15208,-1.12458,1,0
1351,-0.756341,-0.510436,0,1
1352,0.449376,-0.716441,0,1
1353,0.0943366,-1.41614,1,0
1354,-1.08958,-0.502231,0,1
1355,0.952738,-1.42505,1,0
1356,-1.31002,-1.0894,0,1
1357,-0.347808,-1.15277,1,0
1358,-0.222183,-1.16364,1,0
1359,0.143606,-1.48419,1,0
1360,0.178457,-0.486401,0,1
1361,-0.39825,-0.280775,0,1
1362,-0.415792,-0.897312,1,0
1363,-0.250614,-1.10634,1,0
1364,-0.510129,-0.322657,0,1
1365,-0.442036,-0.768503,1,0
1366,1.33498,-1.16254,1,0
1367,0.802184,-1.32117,1,0
1368,0.0834624,-1.4638,1,0
1369,-1.12793,-0.846276,0,1
1370,-1.08899,-0.668239,0,1
1371,-0.0701423,-1.29065,1,0
1372,-1.32202,-0.957787,0,1
1373,-1.28813,-0.860359,0,1
1374,0.461894,-0.699874,0,1
1375,-0.412734,-0.855301,1,0
1376,-0.555365,-0.160038,0,1
1377,-0.805879,-0.414151,0,1
1378,0.278522,-1.45485,1,0
1379,0.234163,-1.48235,1,0
1380,-0.210374,-1.25701,1,0
1381,-0.487564,-0.75747,1,0
1382,0.108395,-0.577661,0,1
1383,0.315941,-0.687566,0,1
1384,0.204108,-1.49783,1,0
1385,0.411544,-0.927242,0,1
1386,0.115193,-1.38406,1,0
1387,0.0794549,-0.439466,0,1
1388,-0.413914,-0.34924,0,1
1389,-0.00923148,-0.277553,0,1
1390,-0.520334,-0.34806,0,1
1391,-0.440241,-0.249656,0,1
1392,-1.18541,-0.511587,0,1
1393,0.468334,-1.44651,1,0
1394,0.409305,-1.49671,1,0
1395,-1.21592,-0.731828,0,1
1396,0.675505,-1.51219,1,0
1397,1.13497,-1.14962,1,0
1398,-1.01886,-0.396152,0,1
1399,0.384434,-0.905068,0,1
1400,0.510407,-1.0796,0,1
1401,0.701738,-1.543,1,0
1402,0.297547,-1.45337,1,0
1403,-0.833037,-0.39487,0,1
1404,-0.520295,-0.301894,0,1
1405,0.187385,-0.619848,0,1
1406,-0.460947,-0.756956,1,0
1407,0.0770011,-0.62728,0,1
1408,-0.331108,-0.850397,1,0
1409,0.121134,-1.35119,1,0
1410,-0.210731,-1.13359,1,0
1411,-0.338022,-0.293245,0,1
1412,-1.26333,-0.969508,0,1
1413,-0.189843,-0.284102,0,1
1414,0.0371141,-1.37694,1,0
1415,0.908055,-1.18264,1,0
1416,-0.656931,-0.174365,0,1
1417,1.37337,-0.750474,1,0
1418,-0.328599,-0.863674,1,0
1419,-0.0202143,-0.345857,0,1
1420,0.0537253,-1.44734,1,0
1421,0.0878638,-0.558953,0,1
1422,0.268632,-0.62009,0,1
1423,-1.3469,-0.988173,0,1
1424,-0.493803,-0.302875,0,1
1425,-1.28456,-0.970712,0,1
1426,0.409692,-1.44195,1,0
1427,-1.08586,-0.53584,0,1
1428,1.37414,-1.00663,1,0
1429,0.150652,-1.39106,1,0
1430,0.119935,-1.40514,1,0
1431,1.25257,-0.990085,1,0
1432,0.338719,-1.49452,1,0
1433,0.109401,-0.438505,0,1
1434,0.32641,-0.960087,0,1
1435,-0.389234,-0.773527,1,0
1436,-0.807963,-0.447521,0,1
1437,1.3303,-0.891972,1,0
1438,1.20022,-1.00321,1,0
1439,0.297215,-0.797026,0,1
1440,1.13422,-1.1415,1,0
1441,-0.298957,-1.24237,1,0
1442,-1.00954,-0.549525,0,1
1443,1.23314,-1.06836,1,0
1444,-0.328665,-0.783821,1,0
1445,0.129671,-0.490308,0,1
1446,0.510568,-1.03104,0,1
1447,-0.186848,-0.305472,0,1
1448,-1.18505,-0.712316,0,1
1449,-0.346442,-0.320012,0,1
1450,1.01196,-1.3694,1,0
1451,0.148133,-0.598831,0,1
1452,-0.378872,-0.99834,1,0
1453,0.453155,-0.881825,0,1
1454,-1.22714,-0.6722,0,1
1455,0.668515,-1.4472,1,0
1456,-0.38315,-1.05484,1,0
1457,0.970618,-1.2991,1,0
1458,-0.912207,-0.600648,0,1
1459,1.28933,-0.89357,1,0
1460,-1.29669,-0.854138,0,1
1461,-0.155992,-1.36305,1,0
1462,0.245792,-0.50905,0,1
1463,-0.0347765,-1.38941,1,0
1464,-1.17732,-0.936557,0,1
1465,-0.722302,-0.423334,0,1
1466,0.138536,-1.63496,1,-1
1467,-0.725997,-0.295951,0,1
1468,-0.385573,-0.916961,1,0
1469,-1.17123,-1.08311,0,1
1470,0.0459176,-0.355528,0,1
1471,0.574931,-0.990634,0,1
1472,1.13753,-1.16312,1,0
1473,-0.681327,-0.300476,0,1
1474,0.558137,-1.45582,1,0
1475,-0.0374778,-0.37981,0,1
1476,-0.0624176,-1.18839,1,0
1477,0.780956,-1.40056,1,0
1478,-0.34619,-0.2992,0,1
1479,-0.453987,-0.849076,1,0
1480,1.13914,-1.0525,1,0
1481,-0.280009,-0.460861,0,1
1482,-0.503102,-0.792466,1,0
1483,1.06438,-1.22685,1,0
1484,0.399926,-0.676034,0,1
1485,-0.364334,-1.00769,1,0
1486,0.348085,-1.48624,1,0
1487,1.13343,-1.0226,1,0
1488,0.371631,-0.752203,0,1
1489,1.364,-0.798666,1,0
1490,-0.308636,-0.341799,0,1
1491,0.974689,-1.31125,1,0
1492,-0.807031,-0.316595,0,1
1493,0.223755,-0.74451,0,1
1494,0.100247,-1.38883,1,0
1495,0.255879,-1.46732,1,0
1496,0.470351,-1.5107,1,0
1497,1.12932,-1.19841,1,0
1498,-0.335904,-1.08075,1,0
1499,1.20317,-0.838562,1,0
1500,0.588035,-1.508,1,0
1501,1.17703,1.23204,3,-1
1502,-0.489036,0.987896,2,-1
1503,-1.84576,0.794199,2,-1
1504,-1.20868,1.25605,2,2
1505,-1.36676,1.30717,2,2
1506,-0.878092,1.15926,2,2
1507,-1.47223,0.806253,2,2
1508,1.50673,0.422078,3,3
1509,1.24716,0.579661,3,3
1510,1.25966,0.887802,3,3
1511,-1.63807,1.02255,2,2
1512,1.40915,1.18006,3,3
1513,1.83415,0.727888,3,-1
1514,-0.651174,0.649591,2,-1
1515,0.327786,0.300371,3,-1
1516,-1.48363,0.978861,2,2
1517,0.82667,0.589137,3,3
1518,-0.981371,1.33544,2,2
1519,-1.31875,1.05805,2,2
1520,-1.7958,0.90692,2,-1
1521,-0.899912,1.53082,2,2
1522,-2.28749,2.0337,2,-1
1523,-1.04778,0.435176,2,2
1524,0.933126,0.744108,3,3
1525,-0.777199,0.725977,2,2
1526,-1.11944,0.800327,2,2
1527,1.2995,0.692676,3,3
1528,-1.55098,0.507105,2,-1
1529,-1.12216,0.921601,2,2
1530,-1.36924,0.81023,2,2
1531,-1.59901,1.27374,2,2
1532,-1.22962,1.14268,2,2
1533,1.55343,0.505168,3,3
1534,-1.45399,1.43594,2,2
1535,0.964695,0.663662,3,3
1536,-1.16955,1.17904,2,2
1537,1.22791,1.4153,3,-1
1538,-1.00679,1.02764,2,2
1539,0.633723,0.122434,3,-1
1540,-1.42252,0.722691,2,2
1541,1.04766,0.420424,3,3
1542,0.733405,0.860739,3,3
1543,1.46346,0.0128806,3,-1
1544,-1.23226,1.793,2,-1
1545,-1.29342,1.17278,2,2
1546,0.85194,1.03081,3,3
1547,1.22037,1.21324,3,3
1548,1.28651,0.584272,3,3
1549,-1.46062,1.83008,2,-1
1550,-0.618854,0.886753,2,2
1551,-0.916674,0.843319,2,2
1552,1.3432,1.19522,3,3
1553,-1.51236,1.27763,2,2
1554,-1.46595,2.01769,2,-1
1555,-1.79223,0.7585,2,-1
1556,0.565837,1.17805,3,-1
1557,-0.870032,0.725531,2,2
1558,-1.85987,1.33354,2,-1
1559,0.368036,1.16852,3,-1
1560,0.811554,0.875003,3,3
1561,-0.407701,0.97823,2,-1
1562,0.958626,0.68423,3,3
1563,0.283705,0.459021,3,-1
1564,-1.05306,0.882775,2,2
1565,0.381257,-0.0966618,3,-1
1566,1.0645,0.872503,3,3
1567,0.462749,0.64999,3,-1
1568,-1.00744,0.737967,2,2
1569,0.767428,0.347831,3,3
1570,-0.662573,1.51961,2,-1
1571,1.48657,0.627441,3,3
1572,0.202858,0.995312,3,-1
1573,1.06054,0.530769,3,3
1574,-1.19386,2.15369,2,-1
1575,-1.037,1.05078,2,2
1576,0.744117,0.110643,3,-1
1577,-0.624141,1.18744,2,-1
1578,0.254003,1.10319,3,-1
1579,-1.1167,1.04062,2,2
1580,-1.1863,1.06625,2,2
1581,1.29379,0.692481,3,3
1582,0.99639,0.33073,3,3
1583,0.948611,0.82678,3,3
1584,1.96296,0.659317,3,-1
1585,-0.775572,1.27252,2,2
1586,1.5385,1.19819,3,-1
1587,-1.09351,0.790786,2,2
1588,-1.3509,0.953241,2,2
1589,1.33358,0.463165,3,3
1590,-0.919022,0.780139,2,2
1591,0.883432,0.326005,3,3
1592,1.17712,0.868169,3,3
1593,-1.39444,0.842439,2,2
1594,-0.780953,1.86991,2,-1
1595,-1.77608,0.411214,2,-1
1596,-0.908225,1.39718,2,2
1597,-1.27156,0.457097,2,-1
1598,0.412468,0.996421,3,-1
1599,0.479986,1.51032,3,-1
1600,-1.35534,1.2385,2,2
1601,-0.930062,1.15852,2,2
1602,-0.860043,1.7146,2,-1
1603,1.09435,0.397914,3,3
1604,-1.35635,1.43758,2,2
1605,0.406148,0.898218,3,-1
1606,-1.26838,0.56321,2,2
1607,0.670216,1.41063,3,-1
1608,1.01766,1.25584,3,-1
1609,1.95543,1.32581,3,-1
1610,-0.39003,0.89103,2,-1
1611,1.3484,0.687193,3,3
1612,-0.875248,1.39649,2,2
1613,-1.39173,1.28507,2,2
1614,1.18908,0.369427,3,3
1615,-0.758698,0.946239,2,2
1616,-0.592164,1.09055,2,-1
1617,0.951568,0.935173,3,3
1618,-1.15144,1.10124,2,2
1619,-1.82444,0.78259,2,-1
1620,1.25205,1.27932,3,3
1621,1.48533,0.17236,3,3
1622,0.688885,1.31585,3,-1
1623,-1.11815,0.251381,2,-1
1624,-1.19704,1.19766,2,2
1625,-0.853152,1.56934,2,2
1626,0.587988,1.68668,3,-1
1627,1.41155,1.4527,3,-1
1628,-1.26662,1.74963,2,-1
1629,1.01111,0.621664,3,3
1630,0.984425,0.584172,3,3
1631,-0.795026,0.703827,2,2
1632,-1.31755,1.56346,2,2
1633,-0.809588,1.19856,2,2
1634,-1.17176,1.36491,2,2
1635,-1.06353,0.8323,2,2
1636,-0.0948909,0.685927,3,-1
1637,1.28879,0.87704,3,3
1638,0.885699,0.678519,3,3
1639,1.14083,0.766517,3,3
1640,-0.262667,1.09637,2,-1
1641,0.605452,0.523668,3,-1
1642,0.826324,-0.231979,3,-1
1643,-1.1265,2.10529,2,-1
1644,-2.07238,1.15919,2,-1
1645,0.774991,0.588732,3,3
1646,1.02044,0.0410096,3,-1
1647,-1.88247,1.16626,2,-1
1648,-0.43444,0.567352,2,-1
1649,0.887422,0.795008,3,3
1650,1.31918,0.911935,3,3
1651,0.493462,0.97246,3,-1
1652,1.08279,0.628635,3,3
1653,1.5594,1.24196,3,-1
1654,0.138199,0.431949,3,-1
1655,1.04099,1.02778,3,3
1656,-1.06261,1.51831,2,2
1657,-1.29912,1.25797,2,2
1658,1.40582,0.930447,3,3
1659,1.27135,0.309685,3,3
1660,-1.60927,0.762664,2,-1
1661,-0.472386,1.1125,2,-1
1662,-1.73459,1.8109,2,-1
1663,-0.60934,0.808749,2,2
1664,1.00486,0.27431,3,3
1665,-0.8328,0.847987,2,2
1666,-0.909453,0.699137,2,2
1667,1.38146,1.5395,3,-1
1668,-1.18565,0.391517,2,-1
1669,-0.884053,1.43634,2,2
1670,0.807628,0.352427,3,3
1671,1.47487,0.324196,3,3
1672,-1.54315,1.37272,2,2
1673,1.63988,0.978854,3,-1
1674,1.35944,1.08684,3,3
1675,0.274839,0.796744,3,-1
1676,-0.866353,1.25367,2,2
1677,0.123916,1.14044,3,-1
1678,0.745124,0.397576,3,3
1679,-1.23858,0.898989,2,2
1680,-0.745782,1.20941,2,2
1681,-1.01439,1.42069,2,2
1682,-1.78818,1.31565,2,2
1683,-0.462967,1.30565,2,-1
1684,0.930441,0.5525,3,3
1685,-1.01951,1.19019,2,2
1686,-0.97757,2.11766,2,-1
1687,0.37575,0.876576,3,-1
1688,-1.1122,0.255798,2,-1
1689,-2.35624,1.53528,2,-1
1690,-0.861092,1.65044,2,-1
1691,0.751757,0.293956,3,3
1692,0.773259,0.758001,3,3
1693,-0.316229,0.637051,2,-1
1694,0.643165,-0.131028,3,-1
1695,-1.39864,0.758297,2,2
1696,-1.62772,0.264613,2,-1
1697,0.750063,0.853671,3,3
1698,-1.02683,0.614028,2,2
1699,-1.09571,0.79871,2,2
1700,-1.14547,1.77834,2,-1
1701,0.794377,0.624471,3,3
1702,-1.07133,1.18486,2,2
1703,1.88932,0.551035,3,-1
1704,0.754413,0.700289,3,3
1705,0.809661,0.864006,3,3
1706,-1.09926,1.29549,2,2
1707,1.18709,1.07568,3,3
1708,0.242688,1.54694,2,-1
1709,-1.05811,1.04153,2,2
1710,-1.40429,1.34472,2,2
1711,-1.35631,1.16237,2,2
1712,-1.39091,1.51762,2,2
1713,1.78842,0.934729,3,-1
1714,-0.596978,0.579059,2,-1
1715,-1.36596,1.2257,2,2
1716,1.54034,0.862041,3,3
1717,-1.55636,0.899933,2,2
1718,-0.517545,0.499188,2,-1
1719,-1.65106,0.483315,2,-1
1720,0.857521,1.02031,3,3
1721,1.40877,0.207153,3,3
1722,1.23377,0.120809,3,3
1723,-1.39359,1.32537,2,2
1724,0.538592,0.074707,3,-1
1725,0.951896,0.749012,3,3
1726,-1.65563,0.584642,2,-1
1727,0.622696,0.240808,3,3
1728,-1.08639,0.941642,2,2
1729,-0.759387,1.64504,2,-1
1730,0.827473,0.879319,3,3
1731,1.77378,0.832296,3,-1
1732,0.79009,1.01306,3,3
1733,1.17925,0.785897,3,3
1734,1.33116,2.31604,3,-1
1735,1.65033,0.793085,3,3
1736,-1.82447,1.55699,2,-1
1737,-1.13166,1.09858,2,2
1738,1.37992,1.18479,3,3
1739,1.60277,0.634501,3,3
1740,-0.780733,0.574404,2,2
1741,-1.05671,0.564059,2,2
1742,-1.37397,1.11574,2,2
1743,0.692955,0.131724,3,-1
1744,-0.904329,0.679328,2,2
1745,-0.392854,0.851676,2,-1
1746,1.99709,0.0345174,3,-1
1747,-0.810468,0.698517,2,2
1748,-0.763529,0.839422,2,2
1749,-0.525946,1.31604,2,-1
1750,1.58151,1.83128,3,-1
1751,1.51582,0.456168,3,3
1752,-0.721107,1.35239,2,2
1753,-1.61703,1.37607,2,2
1754,-1.077,0.494259,2,2
1755,-1.79716,0.350027,2,-1
1756,-0.966524,0.847464,2,2
1757,0.852661,0.57164,3,3
1758,0.551263,0.988187,3,4
1759,1.01574,1.09414,3,3
1760,-1.1745,1.18283,2,2
1761,-0.240595,1.13845,2,-1
1762,-0.658827,1.33484,2,2
1763,0.676329,1.13579,3,-1
1764,-1.59591,1.40878,2,2
1765,-1.62867,1.30472,2,2
1766,-2.62398,0.65604,2,-1
1767,0.155318,1.40121,3,-1
1768,-1.1662,0.693904,2,2
1769,-1.84297,0.880496,2,-1
1770,-1.1751,1.27995,2,2
1771,1.42951,0.899018,3,3
1772,0.960905,1.00851,3,3
1773,-1.10656,1.05571,2,2
1774,0.356991,0.521436,3,-1
1775,-0.93917,1.05145,2,2
1776,0.862908,0.747834,3,3
1777,1.49728,0.41452,3,3
1778,0.938087,0.415444,3,3
1779,-1.32578,0.997119,2,2
1780,-2.34207,1.42325,2,-1
1781,-0.781668,1.29251,2,2
1782,1.2512,0.763685,3,3
1783,-1.43204,0.956027,2,2
1784,1.01484,1.06751,3,3
1785,-1.23232,1.08819,2,2
1786,1.48999,0.58703,3,3
1787,1.09093,0.374027,3,3
1788,0.70239,0.340921,3,3
1789,0.996117,0.300467,3,3
1790,0.659901,0.111236,3,-1
1791,-1.27131,1.00012,2,2
1792,-1.04324,0.847317,2,2
1793,-1.76532,1.39057,2,2
1794,-1.47225,0.945558,2,2
1795,1.81752,0.262711,3,-1
1796,1.31545,0.299575,3,3
1797,-1.89203,1.1017,2,-1
1798,-0.0467267,0.561272,3,-1
1799,1.01442,0.535991,3,3
1800,-1.68456,0.332918,2,-1
1801,1.4481,1.19437,3,3
1802,1.40998,1.30254,3,3
1803,-1.02266,2.10199,2,-1
1804,0.454748,0.573719,3,-1
1805,-0.972531,0.81105,2,2
1806,0.0854131,-0.196714,3,1
1807,-0.885913,1.54243,2,2
1808,0.794136,0.698716,3,3
1809,-1.36275,1.52099,2,2
1810,0.955906,0.353743,3,3
1811,0.817433,0.607846,3,3
1812,0.870141,0.623115,3,3
1813,1.44906,0.77403,3,3
1814,1.65538,0.57696,3,3
1815,0.647362,0.474769,3,3
1816,-1.69624,1.26647,2,2
1817,-1.26003,0.984422,2,2
1818,0.925985,0.843672,3,3
1819,-0.972741,1.35065,2,2
1820,-1.60092,1.29117,2,2
1821,-0.396391,1.24572,2,-1
1822,1.68891,0.675022,3,3
1823,0.837523,0.784007,3,3
1824,-0.887635,1.99194,2,-1
1825,1.07015,0.387096,3,3
1826,1.21571,0.87887,3,3
1827,1.22178,0.89592,3,3
1828,-1.25346,1.23011,2,2
1829,1.61137,0.663168,3,3
1830,1.07653,1.19297,3,-1
1831,-1.40494,0.583948,2,-1
1832,-0.415118,0.508226,2,-1
1833,1.64763,1.00757,3,-1
1834,2.28935,0.222456,3,-1
1835,-1.44929,0.880641,2,2
1836,-0.920212,1.29521,2,2
1837,0.893736,0.759914,3,3
1838,1.08653,0.306513,3,3
1839,0.831943,0.735863,3,3
1840,1.14072,1.2985,3,-1
1841,-1.14078,1.61296,2,2
1842,1.47685,0.603981,3,3
1843,0.881661,0.288377,3,3
1844,-1.16487,1.97192,2,-1
1845,1.13801,0.0788516,3,-1
1846,-1.42851,1.8405,2,-1
1847,-1.16956,0.596081,2,2
1848,0.689803,0.412857,3,3
1849,-1.50983,1.3511,2,2
1850,-0.652379,1.57498,2,-1
1851,-1.23408,0.74999,2,2
1852,0.679996,0.783576,3,3
1853,0.889568,0.640498,3,3
1854,1.23407,0.587118,3,3
1855,1.32048,0.332828,3,3
1856,-1.05218,1.08695,2,2
1857,1.0559,0.692357,3,3
1858,0.889979,0.87653,3,3
1859,-1.0128,1.69479,2,-1
1860,1.4251,0.98296,3,3
1861,-1.02089,0.784873,2,2
1862,-1.72149,1.68166,2,-1
1863,1.49798,1.29648,3,-1
1864,-1.59945,0.988371,2,2
1865,-2.07826,0.662814,2,-1
1866,-1.47826,1.36412,2,2
1867,0.241723,0.773156,3,-1
1868,-0.738195,1.2257,2,2
1869,-0.814865,1.33535,2,2
1870,-1.81064,0.496856,2,-1
1871,-1.30925,0.927366,2,2
1872,1.56221,0.797342,3,3
1873,1.2137,1.1188,3,3
1874,1.25415,0.561773,3,3
1875,0.911314,0.561902,3,3
1876,1.26738,-0.188123,3,-1
1877,0.995906,1.28841,3,-1
1878,0.996575,0.666458,3,3
1879,-1.13658,1.13159,2,2
1880,1.41674,0.545808,3,3
1881,-1.40733,1.23846,2,2
1882,1.35593,0.318925,3,3
1883,-0.858904,1.0405,2,2
1884,0.383431,1.05645,3,-1
1885,-0.484096,1.6552,2,-1
1886,1.11918,0.268074,3,3
1887,-1.69417,1.35454,2,2
1888,-0.955635,1.57648,2,-1
1889,-0.618918,1.10977,2,-1
1890,1.38284,0.211292,3,3
1891,0.726642,0.43163,3,3
1892,0.913084,0.792681,3,3
1893,-1.17203,0.487169,2,2
1894,-1.03269,1.45139,2,2
1895,1.0397,1.02145,3,3
1896,0.607473,0.233319,3,3
1897,1.23157,0.792699,3,3
1898,-1.12742,0.606764,2,2
1899,1.24539,1.24154,3,3
1900,-0.697389,0.841993,2,2
1901,-1.77945,0.777984,2,-1
1902,-1.85985,0.903816,2,-1
1903,0.989013,0.334121,3,3
1904,1.09808,0.962414,3,3
1905,1.39003,0.892646,3,3
1906,-1.01421,0.37107,2,-1
1907,-1.69052,0.23433,2,-1
1908,0.410116,1.14689,3,-1
1909,-0.826165,0.926788,2,2
1910,-1.61289,0.394054,2,-1
1911,1.55446,0.405854,3,3
1912,0.00737389,1.0418,2,-1
1913,-1.63693,0.954882,2,2
1914,1.1101,0.78039,3,3
1915,-1.25857,1.37102,2,2
1916,-2.11717,0.863242,2,-1
1917,0.902536,0.657043,3,3
1918,0.620326,1.30022,3,-1
1919,-0.821511,1.04817,2,2
1920,-0.628308,0.740688,2,2
1921,0.9059,0.396795,3,3
1922,0.997894,0.285838,3,3
1923,-1.1393,0.768639,2,2
1924,-1.51033,0.528533,2,5
1925,0.249462,0.94204,3,-1
1926,-0.894877,1.55359,2,2
1927,-1.21461,1.08782,2,2
1928,1.2526,0.8159,3,3
1929,-1.30018,0.977484,2,2
1930,-0.632767,0.358792,2,-1
1931,0.529041,0.428401,3,-1
1932,1.06708,0.496841,3,3
1933,-1.26593,0.798323,2,2
1934,-0.840787,0.914992,2,2
1935,1.29117,0.936696,3,3
1936,-1.3562,0.296533,2,-1
1937,-1.02416,1.2207,2,2
1938,-0.875542,0.656703,2,2
1939,-1.14792,1.68572,2,2
1940,-1.7455,1.35999,2,2
1941,-0.897318,0.350046,2,-1
1942,-1.14104,1.07793,2,2
1943,1.74452,0.435023,3,-1
1944,-0.77943,1.41976,2,2
1945,-1.52983,0.848937,2,2
1946,1.58138,0.940916,3,3
1947,1.1565,0.913689,3,3
1948,-0.864107,0.60675,2,2
1949,1.38616,0.350298,3,3
1950,-1.37499,0.901969,2,2
1951,0.806081,1.23358,3,-1
1952,-0.300178,1.64079,2,-1
1953,1.43484,0.567621,3,3
1954,1.41517,0.521627,3,3
1955,-1.93086,1.6443,2,-1
1956,-1.59242,1.06189,2,2
1957,-1.03594,1.40659,2,2
1958,-1.71487,0.533011,2,-1
1959,1.02343,0.496189,3,3
1960,0.808723,1.11252,3,3
1961,1.57194,0.653041,3,3
1962,0.317837,0.402968,3,-1
1963,1.04109,0.716459,3,3
1964,-1.03064,0.551174,2,2
1965,0.293897,0.817353,3,-1
1966,-1.08099,1.08298,2,2
1967,1.02436,0.488351,3,3
1968,1.05519,0.599889,3,3
1969,-0.486532,0.994733,2,-1
1970,-1.03115,1.06084,2,2
1971,1.73221,0.58062,3,-1
1972,-0.747781,1.34566,2,2
1973,-0.94704,1.98136,2,-1
1974,-0.00556788,0.628726,3,-1
1975,-0.920206,2.68268,2,-1
1976,-1.53791,0.452234,2,5
1977,1.74595,1.0694,3,-1
1978,1.09189,0.575282,3,3
1979,-0.519105,1.46594,2,-1
1980,1.25832,0.482061,3,3
1981,0.872484,0.794014,3,3
1982,0.720259,0.316072,3,3
1983,1.58867,0.69338,3,3
1984,1.76474,1.09876,3,-1
1985,0.824904,0.460497,3,3
1986,0.851733,0.723105,3,3
1987,1.19732,0.37205,3,3
1988,0.802116,0.558314,3,3
1989,-1.91102,1.3075,2,-1
1990,-1.11873,0.723816,2,2
1991,-1.50908,0.947885,2,2
1992,-0.0444846,1.13541,2,-1
1993,0.690724,0.819309,3,3
1994,1.66189,0.494497,3,-1
1995,-0.186326,0.270542,2,-1
1996,-0.913513,1.68075,2,-1
1997,-0.450254,1.12978,2,-1
1998,0.421832,0.414412,3,-1
1999,-0.574301,0.835893,2,2
2000,1.18661,1.1005,3,3
2001,-1.18291,1.21833,2,2
2002,1.51756,0.406883,3,3
2003,0.559086,0.743923,3,3
2004,-1.5347,0.832643,2,2
2005,1.29997,1.0082,3,3
2006,-1.4573,1.51384,2,2
2007,-0.998368,1.27151,2,2
2008,-1.1475,1.07169,2,2
2009,0.666805,0.880828,3,3
2010,0.763855,0.136001,3,-1
2011,0.767618,0.718597,3,3
2012,-1.60269,1.47264,2,2
2013,1.67381,0.332845,3,-1
2014,-1.56568,0.494845,2,5
2015,-1.00553,0.99067,2,2
2016,-1.01655,0.768282,2,2
2017,1.0812,0.708635,3,3
2018,-0.784828,0.57024,2,2
2019,-0.818869,1.15293,2,2
2020,1.36058,-0.0575768,3,-1
2021,1.43286,0.804501,3,3
2022,-1.11022,0.889621,2,2
2023,1.81642,1.09402,3,-1
2024,-1.15657,1.43014,2,2
2025,1.01222,1.15565,3,-1
2026,-0.338432,1.34801,2,-1
2027,1.64224,0.27681,3,-1
2028,-1.10602,0.527373,2,2
2029,-1.70251,1.33101,2,2
2030,1.35076,0.826053,3,3
2031,1.18667,0.409443,3,3
2032,-1.06468,1.37634,2,2
2033,0.775488,-0.0910986,3,-1
2034,0.636075,1.45498,3,-1
2035,1.6527,1.31669,3,-1
2036,1.0188,1.255,3,-1
2037,-1.1633,1.13047,2,2
2038,-1.09958,0.677365,2,2
2039,1.38278,1.23675,3,3
2040,-1.26283,0.925962,2,2
2041,0.640742,0.720131,3,3
2042,0.675845,0.407034,3,3
2043,1.57776,0.269789,3,-1
2044,0.967285,0.654772,3,3
2045,0.992248,0.532094,3,3
2046,-1.84582,1.60637,2,-1
2047,1.13507,0.993139,3,3
2048,1.69224,-0.00630965,3,-1
2049,-1.65428,0.1871,2,-1
2050,-1.41402,0.854473,2,2
2051,-1.25063,1.70117,2,-1
2052,-0.936566,1.22037,2,2
2053,1.88645,1.61172,3,-1
2054,0.820469,0.553183,3,3
2055,-1.64927,0.950234,2,2
2056,-0.686183,1.4687,2,-1
2057,-0.728236,0.867277,2,2
2058,1.45595,0.579999,3,3
2059,1.08538,0.873488,3,3
2060,-1.06671,0.953265,2,2
2061,-0.842548,0.411565,2,-1
2062,-1.12136,0.883229,2,2
2063,1.1314,1.03889,3,3
2064,-1.31821,0.616446,2,2
2065,0.940037,0.446169,3,3
2066,1.32771,0.705207,3,3
2067,-1.26456,1.48233,2,2
2068,-1.64416,1.33766,2,2
2069,-1.79872,1.70558,2,-1
2070,1.35259,0.302772,3,3
2071,-1.1515,0.984235,2,2
2072,0.565033,1.14757,3,-1
2073,1.20498,0.891357,3,3
2074,1.50289,0.50968,3,3
2075,-1.02832,1.42544,2,2
2076,-1.40564,1.86341,2,-1
2077,1.91903,0.605196,3,-1
2078,1.10771,1.05946,3,3
2079,1.05732,-0.0535793,3,-1
2080,-1.82462,1.15791,2,-1
2081,-0.561685,1.09044,2,-1
2082,-1.47329,0.496441,2,5
2083,2.01334,1.10992,3,-1
2084,1.32727,0.880661,3,3
2085,-1.10862,0.8725,2,2
2086,1.63919,1.76059,3,-1
2087,1.46088,0.163315,3,3
2088,-1.05191,1.46924,2,2
2089,-1.59149,1.3668,2,2
2090,1.03737,0.497452,3,3
2091,-1.27858,0.125172,2,-1
2092,-1.08559,1.23337,2,2
2093,-1.43028,1.00402,2,2
2094,1.77052,0.199264,3,-1
2095,-1.4593,1.19765,2,2
2096,0.395874,1.02439,3,-1
2097,-0.935645,1.17475,2,2
2098,-1.70815,1.378,2,2
2099,2.00581,1.97682,3,-1
2100,-0.737293,0.429107,2,-1
2101,-0.711528,1.02061,2,2
2102,1.28648,0.326707,3,3
2103,-0.19126,1.51075,2,-1
2104,1.39565,0.0599325,3,3
2105,-1.17007,1.73189,2,-1
2106,-0.764806,1.01525,2,2
2107,-1.72573,1.46312,2,-1
2108,0.990228,0.559929,3,3
2109,1.08555,0.598043,3,3
2110,-1.04695,1.40204,2,2
2111,-1.00374,1.42808,2,2
2112,0.851356,1.04172,3,3
2113,1.14387,0.575051,3,3
2114,1.42241,0.503562,3,3
2115,1.46367,0.997963,3,3
2116,1.91729,1.19936,3,-1
2117,-1.20477,0.989893,2,2
2118,1.2472,0.623189,3,3
2119,1.68194,0.916268,3,-1
2120,-1.06911,0.767822,2,2
2121,-1.67588,1.23783,2,2
2122,1.50439,1.11471,3,3
2123,-1.1042,1.3833,2,2
2124,-1.25417,0.966688,2,2
2125,-1.4457,1.46727,2,2
2126,1.25656,0.664307,3,3
2127,-1.45685,1.49395,2,2
2128,-1.12466,0.633868,2,2
2129,0.784582,0.92638,3,3
2130,1.1071,0.288123,3,3
2131,1.2673,0.55424,3,3
2132,-0.3984,1.50323,2,-1
2133,0.667401,0.860547,3,3
2134,1.12036,0.916454,3,3
2135,1.22269,0.541914,3,3
2136,1.54845,0.652963,3,3
2137,-1.11897,0.548579,2,2
2138,0.721821,1.55281,3,-1
2139,0.937502,0.809647,3,3
2140,0.812436,0.190169,3,3
2141,1.85413,0.494582,3,-1
2142,2.10701,0.618434,3,-1
2143,0.632293,0.849879,3,3
2144,-1.26528,0.968387,2,2
2145,-1.62429,1.00262,2,2
2146,-1.57085,1.72578,2,-1
2147,-0.862296,1.63403,2,-1
2148,1.04277,1.31247,3,-1
2149,0.980644,-0.148163,3,-1
2150,1.26003,1.12922,3,3
2151,1.19572,0.480229,3,3
2152,0.996934,0.271331,3,3
2153,-2.02413,1.0707,2,-1
2154,-0.611056,0.828325,2,2
2155,-1.63955,1.2822,2,2
2156,1.54295,0.892749,3,3
2157,-0.780449,1.11218,2,2
2158,0.871938,0.650648,3,3
2159,-1.12854,1.5364,2,2
2160,1.46865,0.207374,3,3
2161,-1.43675,1.87707,2,-1
2162,0.716155,0.413554,3,3
2163,0.853824,0.616877,3,3
2164,0.897727,1.21684,3,-1
2165,-1.40413,2.14475,2,-1
2166,1.33335,0.576672,3,3
2167,1.03828,1.08048,3,3
2168,0.727591,1.15036,3,-1
2169,-0.707354,0.992794,2,2
2170,1.00923,0.681814,3,3
2171,1.9908,0.68606,3,-1
2172,0.38811,0.216306,3,-1
2173,0.608423,0.341532,3,3
2174,-0.831345,1.26632,2,2
2175,1.14865,0.927372,3,3
2176,1.5639,1.55236,3,-1
2177,0.5674,0.312586,3,3
2178,1.34713,0.767554,3,3
2179,-1.00309,0.770688,2,2
2180,0.475767,0.449837,3,-1
2181,-0.864169,0.391285,2,-1
2182,-0.928522,1.02426,2,2
2183,-0.509513,0.844547,2,-1
2184,0.932568,0.100453,3,-1
2185,-0.685799,0.464404,2,-1
2186,-1.44308,0.861064,2,2
2187,-1.18225,1.47862,2,2
2188,-1.13395,1.02063,2,2
2189,-1.42626,0.960504,2,2
2190,-1.27578,0.621908,2,2
2191,-0.945187,0.800096,2,2
2192,0.785516,0.51445,3,3
2193,-1.61322,1.2123,2,2
2194,1.1324,1.16733,3,3
2195,0.842159,0.821449,3,3
2196,-1.47715,1.12594,2,2
2197,1.02991,0.456688,3,3
2198,1.07261,0.883752,3,3
2199,-0.759178,1.28769,2,2
2200,-0.986598,0.918267,2,2
2201,-1.42659,1.2146,2,2
2202,-0.846329,0.878968,2,2
2203,-1.47969,0.993019,2,2
2204,-0.729418,1.6101,2,-1
2205,1.23471,0.0542968,3,3
2206,1.33372,0.759148,3,3
2207,-1.63566,1.27851,2,2
2208,-1.42114,1.43476,2,2
2209,-1.00589,0.561826,2,2
2210,0.663483,0.286789,3,3
2211,0.994476,0.878315,3,3
2212,-1.44832,0.573118,2,5
2213,1.02086,1.37493,3,-1
2214,-1.37298,1.73577,2,-1
2215,-0.98979,0.813641,2,2
2216,1.06278,0.0821369,3,-1
2217,0.881517,0.745523,3,3
2218,-1.65755,1.80986,2,-1
2219,-0.866974,1.48585,2,2
2220,0.596491,0.786957,3,3
2221,0.561133,1.36712,3,-1
2222,1.21545,1.02541,3,3
2223,0.542927,0.890923,3,3
2224,1.472,1.3236,3,-1
2225,-1.22697,1.24961,2,2
2226,0.639478,0.583099,3,-1
2227,-1.75265,1.84276,2,-1
2228,-1.04462,2.16282,2,-1
2229,0.763848,0.48286,3,3
2230,1.25921,0.0342842,3,3
2231,-1.1858,1.28388,2,2
2232,2.05301,0.581875,3,-1
2233,-1.03602,0.705934,2,2
2234,-1.43177,0.920609,2,2
2235,-0.900576,1.1133,2,2
2236,-1.16222,0.961766,2,2
2237,1.24035,0.521778,3,3
2238,0.902516,0.0169253,3,-1
2239,-0.111094,0.930941,2,-1
2240,-1.40158,1.24453,2,2
2241,1.32379,0.465935,3,3
2242,-0.421879,1.27018,2,-1
2243,-1.26512,0.768507,2,2
2244,0.442403,0.679501,3,-1
2245,1.2694,0.846236,3,3
2246,-0.997962,0.349099,2,-1
2247,-1.43646,0.850892,2,2
2248,-0.413397,0.487433,2,-1
2249,1.50118,0.65218,3,3
2250,0.554878,0.251512,3,-1
2251,-0.606576,0.742245,2,2
2252,1.31229,1.31656,3,3
2253,-1.79001,1.80874,2,-1
2254,-1.07527,1.24183,2,2
2255,-1.56132,1.28613,2,2
2256,1.29512,0.972538,3,3
2257,1.1732,0.893036,3,3
2258,1.50448,0.923546,3,3
2259,-1.58444,2.17558,2,-1
2260,1.18065,0.532009,3,3
2261,-1.14546,1.22615,2,2
2262,-1.1427,1.28865,2,2
2263,1.27783,0.13332,3,3
2264,-0.0470567,0.565678,3,-1
2265,1.05379,0.00171161,3,-1
2266,1.63272,0.838126,3,3
2267,-0.611083,1.01584,2,-1
2268,0.514482,0.971126,3,4
2269,-0.926615,0.675501,2,2
2270,-0.892073,0.997341,2,2
2271,-1.04271,0.871059,2,2
2272,-0.772524,0.810523,2,2
2273,0.591462,0.303264,3,3
2274,0.569975,-0.509019,3,-1
2275,-0.77477,0.612275,2,2
2276,-1.13315,0.810948,2,2
2277,1.39113,0.605362,3,3
2278,0.605346,1.05446,3,4
2279,-1.10982,1.32903,2,2
2280,0.606042,1.27082,3,-1
2281,1.31072,0.116422,3,3
2282,0.737743,0.658127,3,3
2283,0.889343,0.621845,3,3
2284,0.75137,0.145934,3,-1
2285,-0.905669,0.997696,2,2
2286,0.605785,0.513814,3,-1
2287,0.533466,0.935725,3,4
2288,-1.20237,0.651529,2,2
2289,-0.785277,1.64529,2,-1
2290,1.26051,0.44752,3,3
2291,0.618745,0.862503,3,3
2292,-1.40098,1.24757,2,2
2293,1.16452,-0.0503351,3,-1
2294,1.40267,0.859711,3,3
2295,-0.991536,1.31474,2,2
2296,1.65306,0.47127,3,-1
2297,-1.87636,1.26475,2,-1
2298,-1.57988,1.02184,2,2
2299,-1.31935,0.732989,2,2
2300,1.96429,1.36018,3,-1
2301,1.85966,1.24154,3,-1
2302,-0.145581,0.476866,3,-1
2303,-0.218771,1.58384,2,-1
2304,1.9503,1.13333,3,-1
2305,1.3323,1.11277,3,3
2306,-1.37582,1.51561,2,2
2307,-0.632537,0.789516,2,2
2308,-1.2622,0.704585,2,2
2309,1.27585,0.599558,3,3
2310,-0.861043,1.98064,2,-1
2311,-1.13181,0.736421,2,2
2312,-0.817223,1.20608,2,2
2313,0.974091,0.568272,3,3
2314,-0.907255,0.92771,2,2
2315,0.876953,1.28441,3,-1
2316,-2.09156,1.04468,2,-1
2317,-1.44948,1.10141,2,2
2318,-1.29682,1.3971,2,2
2319,-1.85716,1.11021,2,-1
2320,-1.35796,1.34053,2,2
2321,1.06406,0.338355,3,3
2322,-1.32989,1.15253,2,2
2323,-1.29971,1.94469,2,-1
2324,1.43573,0.940235,3,3
2325,-1.35897,0.0744935,2,-1
2326,-1.11434,0.957465,2,2
2327,0.350004,0.285585,3,-1
2328,1.53294,0.897732,3,3
2329,1.55264,0.490676,3,3
2330,1.27773,0.641631,3,3
2331,0.371471,0.367581,3,-1
2332,-1.37116,1.00457,2,2
2333,1.41067,0.116913,3,3
2334,1.17856,0.914423,3,3
2335,1.13958,-0.237686,3,-1
2336,0.974127,1.03572,3,3
2337,1.10086,0.93435,3,3
2338,-1.35589,1.68566,2,-1
2339,0.825437,0.772321,3,3
2340,-1.25255,1.5383,2,2
2341,1.21008,0.20623,3,3
2342,-1.59645,1.51955,2,-1
2343,-0.686507,1.18094,2,2
2344,2.03342,0.214594,3,-1
2345,1.44388,0.93903,3,3
2346,-1.48744,1.59536,2,2
2347,0.582779,0.604051,3,-1
2348,-0.866805,2.02528,2,-1
2349,0.878891,0.219277,3,3
2350,1.45912,0.825829,3,3
2351,0.706163,1.15219,3,-1
2352,-0.758156,1.1579,2,2
2353,1.16634,0.694457,3,3
2354,-1.16244,0.665123,2,2
2355,0.857595,-0.0249533,3,-1
2356,-1.05065,1.62489,2,2
2357,0.999263,0.539369,3,3
2358,1.56896,1.15272,3,-1
2359,-0.568818,1.36145,2,-1
2360,-1.12677,0.812886,2,2
2361,1.57962,0.777289,3,3
2362,-1.98668,1.29281,2,-1
2363,-1.27056,0.38835,2,-1
2364,1.08902,-0.0505997,3,-1
2365,-0.454355,1.91533,2,-1
2366,-0.370247,1.26303,2,-1
2367,-0.723124,0.464679,2,-1
2368,2.03613,0.24092,3,-1
2369,1.09214,0.523079,3,3
2370,0.847389,0.227365,3,3
2371,1.35671,0.260812,3,3
2372,1.49485,0.495229,3,3
2373,-1.07322,0.526825,2,2
2374,0.694514,0.514941,3,3
2375,-1.03254,1.21539,2,2
2376,-1.06397,1.02173,2,2
2377,-1.52825,0.948166,2,2
2378,-1.07171,0.542828,2,2
2379,0.951192,0.988647,3,3
2380,1.1155,0.369338,3,3
2381,-1.7098,0.473207,2,-1
2382,0.829605,1.27558,3,-1
2383,0.250088,0.732322,3,-1
2384,-1.18879,1.22348,2,2
2385,-1.73892,0.543557,2,-1
2386,-1.66306,1.24062,2,2
2387,-0.556281,1.16383,2,-1
2388,-1.44709,0.632287,2,5
2389,-1.15744,1.69669,2,2
2390,-1.60349,0.186893,2,-1
2391,-0.918256,1.71863,2,-1
2392,1.34306,1.05338,3,3
2393,-0.212531,0.795329,2,-1
2394,1.37582,0.608398,3,3
2395,-1.17089,1.54018,2,2
2396,-1.27602,1.37988,2,2
2397,0.809658,0.887255,3,3
2398,-0.307549,1.27861,2,-1
2399,1.10072,0.68066,3,3
2400,-1.25518,1.37841,2,2
2401,-1.41289,1.31965,2,2
2402,-0.437363,0.864445,2,-1
2403,-0.689329,1.32793,2,2
2404,2.04138,0.302482,3,-1
2405,-2.2749,0.750572,2,-1
2406,2.00438,0.365947,3,-1
2407,1.89686,1.33818,3,-1
2408,-0.823784,1.1033,2,2
2409,-1.26947,1.70669,2,-1
2410,0.00104385,1.05188,3,-1
2411,0.487806,0.134988,3,-1
2412,-0.061592,0.605144,3,-1
2413,-1.8106,0.168021,2,-1
2414,-1.31196,0.936584,2,2
2415,0.445723,-0.269633,3,-1
2416,-0.701937,0.876539,2,2
2417,-0.431188,0.869284,2,-1
2418,-0.968646,0.374222,2,-1
2419,-1.40975,1.1584,2,2
2420,-0.473111,1.43502,2,-1
2421,-1.60813,0.964906,2,2
2422,1.1916,1.16183,3,3
2423,1.08636,0.331967,3,3
2424,-0.673743,0.350886,2,-1
2425,-1.16885,1.82743,2,-1
2426,-0.884803,0.953086,2,2
2427,1.35263,0.721749,3,3
2428,-1.20427,0.706104,2,2
2429,0.774576,0.994105,3,3
2430,-1.04407,0.286668,2,-1
2431,-1.9606,1.70338,2,-1
2432,1.3266,1.1583,3,3
2433,-0.917079,1.20512,2,2
2434,-1.10876,1.39395,2,2
2435,1.11214,-0.113179,3,-1
2436,1.48545,-0.249151,3,-1
2437,0.850911,0.177268,3,3
2438,-0.181378,1.34513,2,-1
2439,1.80951,0.570669,3,-1
2440,-1.09702,0.903279,2,2
2441,0.769077,0.999472,3,3
2442,0.823138,0.669134,3,3
2443,0.5307,1.02244,3,4
2444,-1.05226,1.64857,2,2
2445,1.11161,1.27136,3,6
2446,-1.10979,1.48423,2,2
2447,0.532566,0.835628,3,3
2448,-0.395181,1.25583,2,-1
2449,-0.412934,0.605361,2,-1
2450,0.845636,0.597584,3,3
2451,-1.23318,0.767672,2,2
2452,1.33249,1.25534,3,3
2453,1.53166,1.39535,3,-1
2454,0.861928,1.26144,3,-1
2455,1.48115,0.42803,3,3
2456,1.04232,-0.0974615,3,-1
2457,-2.37706,1.05915,2,-1
2458,0.999382,1.30362,3,-1
2459,-1.10201,1.14417,2,2
2460,-1.18379,0.578488,2,2
2461,-1.50002,0.331712,2,-1
2462,0.950348,0.430115,3,3
2463,1.08864,0.800943,3,3
2464,1.1204,1.38889,3,-1
2465,0.41215,0.536164,3,-1
2466,-0.84453,1.8491,2,-1
2467,0.0133952,1.10632,2,-1
2468,-1.4712,1.17063,2,2
2469,1.09181,0.558541,3,3
2470,-1.44364,0.531917,2,5
2471,-1.92643,1.05863,2,-1
2472,1.69495,1.26449,3,-1
2473,-1.03769,1.49006,2,2
2474,-0.37051,0.91565,2,-1
2475,1.73716,0.974532,3,-1
2476,0.54075,0.438331,3,-1
2477,0.779305,0.0555136,3,-1
2478,-0.526905,1.35128,2,-1
2479,-0.985477,0.830734,2,2
2480,-1.44292,1.5758,2,2
2481,1.14682,1.32821,3,6
2482,0.968263,0.0349541,3,-1
2483,-1.23212,1.44891,2,2
2484,-1.38845,1.66736,2,-1
2485,-0.483482,0.866353,2,-1
2486,-0.459507,1.58816,2,-1
2487,1.37151,0.290447,3,3
2488,1.27167,0.672364,3,3
2489,-1.3886,1.17471,2,2
2490,-1.84966,1.61264,2,-1
2491,1.77767,0.571861,3,-1
2492,-0.85512,1.91704,2,-1
2493,-0.701146,-0.121798,2,-1
2494,0.263235,0.298274,3,-1
2495,1.38883,0.169561,3,3
2496,2.01848,0.68735,3,-1
2497,-1.75625,1.16352,2,-1
2498,-0.626236,1.08597,2,-1
2499,1.30803,1.28948,3,3
2500,-1.46226,1.17823,2,2
2501,-1.27623,0.674999,2,2
2502,1.52344,0.586226,3,3
2503,1.16469,-0.200814,3,-1
2504,-2.05813,1.23715,2,-1
2505,0.729506,0.683122,3,3
2506,0.913296,0.299443,3,3
2507,1.11797,0.0825748,3,-1
2508,-1.20577,1.59608,2,2
2509,2.30003,0.0599782,3,-1
2510,-0.219113,1.81113,2,-1
2511,2.19493,1.01056,3,-1
2512,1.40569,1.474,3,-1
2513,0.803948,-0.0761791,3,-1
2514,0.983238,1.34883,3,-1
2515,0.233268,0.656004,3,-1
2516,-1.30927,0.748336,2,2
2517,1.43664,0.471263,3,3
2518,-1.55728,0.742712,2,2
2519,0.294964,0.854336,3,-1
2520,1.53218,0.532225,3,3
2521,0.124609,0.385686,3,-1
2522,1.57566,1.17054,3,-1
2523,2.00191,0.463884,3,-1
2524,1.59795,0.42453,3,3
2525,1.39812,0.765445,3,3
2526,-1.49688,0.49071,2,5
2527,-1.11454,1.01702,2,2
2528,-1.26674,1.48544,2,2
2529,-1.12796,1.19333,2,2
2530,-0.177187,0.762851,2,-1
2531,-1.57425,1.05698,2,2
2532,0.902687,0.638977,3,3
2533,-1.53447,0.953225,2,2
2534,1.24761,0.207611,3,3
2535,1.38852,1.14565,3,3
2536,-0.551382,1.31285,2,-1
2537,1.93183,1.02284,3,-1
2538,-1.24107,1.20702,2,2
2539,-1.49814,1.14421,2,2
2540,1.01585,0.00699545,3,-1
2541,-1.40342,0.802628,2,2
2542,0.648943,0.955098,3,3
2543,-1.00806,1.25704,2,2
2544,0.941228,1.33419,3,-1
2545,0.337054,0.349652,3,-1
2546,-1.09325,1.01836,2,2
2547,1.1451,1.22301,3,3
2548,-1.21662,0.572969,2,2
2549,-0.366428,1.16396,2,-1
2550,0.922929,0.301225,3,3
2551,-0.315177,1.54985,2,-1
2552,-1.00029,0.909146,2,2
2553,0.60639,0.358423,3,3
2554,0.5991,0.595216,3,-1
2555,1.27924,-0.116503,3,-1
2556,-0.160577,0.745834,2,-1
2557,-0.716855,1.25324,2,2
2558,-1.26324,1.22801,2,2
2559,0.153996,0.441591,3,-1
2560,1.26721,1.44837,3,-1
2561,-1.52053,0.873214,2,2
2562,1.49582,0.125214,3,3
2563,1.23514,0.876997,3,3
2564,0.889239,0.0218594,3,-1
2565,-1.40668,0.512506,2,5
2566,1.04046,0.279567,3,3
2567,-1.43722,1.09256,2,2
2568,-1.50435,0.983307,2,2
2569,-1.53271,1.97311,2,-1
2570,0.859675,0.885595,3,3
2571,1.39614,0.211769,3,3
2572,-1.16076,1.32243,2,2
2573,-1.22549,0.904328,2,2
2574,1.39964,1.07412,3,3
2575,0.998632,0.414421,3,3
2576,-0.958955,1.16802,2,2
2577,0.825362,0.874712,3,3
2578,-1.12812,1.30182,2,2
2579,1.35113,0.9445,3,3
2580,-1.76484,0.67797,2,-1
2581,-1.69825,0.942716,2,2
2582,-0.895387,1.26776,2,2
2583,1.65892,1.38472,3,-1
2584,1.88935,1.09128,3,-1
2585,-1.36217,0.72857,2,2
2586,0.925028,0.665654,3,3
2587,-0.628528,1.41068,2,-1
2588,1.53826,1.35587,3,-1
2589,-0.812122,1.2401,2,2
2590,-1.16127,1.57554,2,2
2591,1.15794,1.49023,3,-1
2592,1.64495,0.480118,3,3
2593,-0.831048,0.61438,2,2
2594,1.24883,0.809384,3,3
2595,-0.989899,1.72083,2,-1
2596,-1.16868,0.8559,2,2
2597,-1.60268,1.02945,2,2
2598,1.04496,0.723324,3,3
2599,1.36673,0.487182,3,3
2600,-1.41766,0.660042,2,2
2601,1.53294,0.803836,3,3
2602,-0.974905,0.906779,2,2
2603,1.05325,0.614372,3,3
2604,1.87168,1.12979,3,-1
2605,-1.23786,1.02777,2,2
2606,-0.857941,0.426659,2,-1
2607,-0.929739,1.19004,2,2
2608,1.42709,0.147116,3,3
2609,-0.614304,0.571594,2,-1
2610,1.17313,0.257483,3,3
2611,0.955174,1.43051,3,-1
2612,-0.409041,1.50134,2,-1
2613,-0.635462,1.39417,2,2
2614,1.11081,0.911875,3,3
2615,1.31218,0.669714,3,3
2616,-0.677767,0.859303,2,2
2617,-0.664556,1.06571,2,-1
2618,1.00725,0.37429,3,3
2619,-1.4958,0.965083,2,2
2620,2.0188,0.118069,3,-1
2621,1.13932,0.348657,3,3
2622,-1.52495,1.95119,2,-1
2623,-0.588625,0.220136,2,-1
2624,1.66618,0.658759,3,3
2625,1.23315,0.606681,3,3
2626,-0.954239,0.873091,2,2
2627,-1.10952,0.760498,2,2
2628,-1.17626,1.36213,2,2
2629,-0.966295,1.8616,2,-1
2630,-0.87588,0.643978,2,2
2631,0.911846,0.214934,3,3
2632,1.22911,0.576939,3,3
2633,1.25928,0.267298,3,3
2634,0.535594,0.707352,3,3
2635,-0.888964,0.932414,2,2
2636,0.997896,0.83718,3,3
2637,1.31347,0.0464308,3,-1
2638,1.13864,1.27063,3,3
2639,0.86069,0.245481,3,3
2640,1.94925,0.846425,3,-1
2641,0.866381,0.602884,3,3
2642,-1.20315,1.24864,2,2
2643,1.84447,0.992909,3,-1
2644,0.725246,0.720321,3,3
2645,0.594193,1.19805,3,-1
2646,1.41056,0.597546,3,3
2647,1.04372,0.820772,3,3
2648,-1.15545,0.600367,2,2
2649,0.948775,0.516792,3,3
2650,-1.1165,1.52447,2,2
2651,-0.803795,-0.101972,2,-1
2652,1.66114,0.239457,3,-1
2653,-0.909661,1.52739,2,2
2654,0.937439,0.133497,3,-1
2655,-0.0636874,1.05777,2,-1
2656,-1.30612,1.77526,2,-1
2657,0.816358,1.04288,3,3
2658,-1.47967,1.45359,2,2
2659,0.978822,0.314197,3,3
2660,-0.857015,1.05862,2,2
2661,-0.437526,1.40062,2,-1
2662,-0.826486,0.612548,2,2
2663,1.63572,0.765184,3,3
2664,1.83189,1.0572,3,-1
2665,-0.579179,0.787649,2,2
2666,1.43817,0.609218,3,3
2667,1.29872,0.852525,3,3
2668,0.559216,1.06647,3,4
2669,-0.388572,1.44807,2,-1
2670,1.80555,1.03939,3,-1
2671,-1.42674,1.85141,2,-1
2672,-1.22267,1.32619,2,2
2673,-1.92148,1.71731,2,-1
2674,-0.998807,1.86134,2,-1
2675,-0.952514,1.40361,2,2
2676,1.30826,1.38034,3,-1
2677,0.706785,0.906685,3,3
2678,1.32735,0.103055,3,3
2679,0.857806,0.833476,3,3
2680,1.19463,0.71334,3,3
2681,1.2522,0.620008,3,3
2682,0.600648,0.967657,3,3
2683,0.815203,1.32185,3,-1
2684,-1.19108,1.546,2,2
2685,-1.87224,1.3977,2,-1
2686,1.41759,0.859456,3,3
2687,-0.708514,0.946734,2,2
2688,-1.35341,1.13604,2,2
2689,1.13927,-0.558416,3,-1
2690,-0.736948,0.961094,2,2
2691,-1.9217,1.04085,2,-1
2692,1.61049,1.07826,3,-1
2693,1.51399,0.728469,3,3
2694,-0.603587,1.1406,2,-1
2695,1.42185,0.781435,3,3
2696,1.07685,1.39265,3,-1
2697,-0.871781,0.429222,2,-1
2698,1.22098,0.442364,3,3
2699,-0.991886,0.793783,2,2
2700,-0.00766312,0.861117,2,-1
2701,1.37051,0.452892,3,3
2702,1.40285,0.87675,3,3
2703,-1.7841,0.397984,2,-1
2704,1.12781,0.799786,3,3
2705,1.92128,0.593917,3,-1
2706,1.46053,-0.0420628,3,-1
2707,-0.175316,0.830016,2,-1
2708,-1.74106,1.56409,2,-1
2709,-0.979617,1.06813,2,2
2710,0.644078,1.15819,3,-1
2711,-0.910471,0.708365,2,2
2712,-1.18648,1.49872,2,2
2713,-1.73454,1.44426,2,2
2714,-1.39411,1.295,2,2
2715,0.692121,0.949802,3,3
2716,1.35504,0.56174,3,3
2717,1.59999,1.4983,3,-1
2718,0.729402,1.32129,3,-1
2719,0.680871,0.790647,3,3
2720,-0.987539,0.691156,2,2
2721,0.822835,0.834744,3,3
2722,1.31928,0.837748,3,3
2723,1.69803,0.635462,3,3
2724,1.83332,0.550587,3,-1
2725,0.879638,0.538286,3,3
2726,-2.00237,0.935647,2,-1
2727,1.71778,0.140655,3,-1
2728,-1.46086,1.33589,2,2
2729,-0.870734,1.34282,2,2
2730,-1.6031,0.846395,2,2
2731,0.895039,1.28808,3,-1
2732,-1.51835,1.76284,2,-1
2733,-0.666846,0.655156,2,-1
2734,-1.39433,0.752244,2,2
2735,-0.72273,0.841988,2,2
2736,1.29863,1.06015,3,3
2737,0.723952,0.90165,3,3
2738,0.511162,1.02931,3,4
2739,0.905927,0.929092,3,3
2740,1.59311,0.72524,3,3
2741,-1.14098,1.09408,2,2
2742,0.807508,1.42224,3,-1
2743,0.896506,1.20692,3,-1
2744,1.19011,0.813886,3,3
2745,-1.4736,1.05854,2,2
2746,0.614325,-0.529417,3,-1
2747,1.15626,1.35964,3,6
2748,-0.931125,1.38709,2,2
2749,-1.27386,2.21206,2,-1
2750,-1.05201,1.51683,2,2
2751,1.07572,0.803184,3,3
2752,1.59129,0.139243,3,-1
2753,-0.443735,1.05439,2,-1
2754,-1.44894,0.879294,2,2
2755,0.955546,0.747586,3,3
2756,-1.15994,0.642193,2,2
2757,-1.10233,1.35686,2,2
2758,-1.12319,0.489674,2,2
2759,0.418116,1.00036,3,-1
2760,1.02666,0.374986,3,3
2761,0.599482,0.776168,3,3
2762,-0.702036,0.767236,2,2
2763,1.02099,0.962378,3,3
2764,-1.07222,1.66015,2,2
2765,-0.608978,0.912143,2,2
2766,1.18879,0.537769,3,3
2767,-0.832638,1.47926,2,2
2768,1.08859,0.318069,3,3
2769,0.802243,1.03961,3,3
2770,-0.683216,0.869782,2,2
2771,-1.50479,0.56451,2,5
2772,-0.892307,1.21105,2,2
2773,-1.06178,0.451861,2,2
2774,-0.797399,1.25851,2,2
2775,1.05195,0.870569,3,3
2776,-1.45437,1.31882,2,2
2777,-1.16517,1.42153,2,2
2778,1.184,1.80359,3,-1
2779,-0.268957,0.760921,3,-1
2780,-1.19452,1.68014,2,2
2781,-1.21184,0.684649,2,2
2782,1.13101,0.898918,3,3
2783,1.27861,0.473029,3,3
2784,-0.298291,1.15426,2,-1
2785,0.830444,1.25566,3,-1
2786,0.907236,1.16175,3,-1
2787,-1.51329,1.03404,2,2
2788,0.889882,0.768114,3,3
2789,-1.41543,1.39561,2,2
2790,0.960372,0.371972,3,3
2791,-0.837122,1.24522,2,2
2792,1.28596,0.556617,3,3
2793,-1.35488,0.714043,2,2
2794,1.23843,0.984363,3,3
2795,1.61571,0.224814,3,-1
2796,-1.55472,1.14559,2,2
2797,-1.33167,0.473564,2,-1
2798,-1.4851,1.17166,2,2
2799,1.50751,1.21429,3,-1
2800,-0.101827,1.24515,2,-1
2801,-1.43119,0.49719,2,5
2802,0.668854,0.716721,3,3
2803,1.31669,0.894568,3,3
2804,-1.22962,1.19914,2,2
2805,1.40474,0.239123,3,3
2806,-1.25404,1.09289,2,2
2807,-0.687019,1.2781,2,2
2808,1.00219,0.556337,3,3
2809,1.18009,1.92502,3,-1
2810,1.67472,0.324593,3,-1
2811,-1.02238,1.94413,2,-1
2812,-1.00357,1.48709,2,2
2813,1.24931,1.0686,3,3
2814,2.08531,0.611436,3,-1
2815,1.17535,0.70567,3,3
2816,0.0973736,1.32173,3,-1
2817,0.682488,0.267339,3,3
2818,-0.353052,1.25,2,-1
2819,1.50083,0.496662,3,3
2820,-0.221173,0.623287,2,-1
2821,1.28374,0.67447,3,3
2822,1.34958,0.57858,3,3
2823,-0.733727,1.87516,2,-1
2824,-1.36788,1.53422,2,2
2825,-1.3869,0.641568,2,2
2826,0.502242,0.600177,3,-1
2827,-1.16273,1.3113,2,2
2828,-1.0402,1.22568,2,2
2829,0.587801,0.943286,3,3
2830,0.931797,1.13694,3,-1
2831,1.38255,0.530936,3,3
2832,1.515,0.35077,3,3
2833,1.78709,0.946652,3,-1
2834,-0.785125,1.34335,2,2
2835,1.08994,0.612073,3,3
2836,0.899667,0.485275,3,3
2837,-1.77062,1.39181,2,2
2838,-1.01374,1.78906,2,-1
2839,-1.76363,0.699977,2,-1
2840,0.131931,1.98839,3,-1
2841,1.23613,0.372124,3,3
2842,0.697283,1.08149,3,-1
2843,0.743302,0.426536,3,3
2844,0.916,0.969718,3,3
2845,1.152,0.0868605,3,3
2846,-0.0805879,0.767195,3,-1
2847,1.48191,0.911714,3,3
2848,-0.670001,1.56761,2,-1
2849,-1.57258,0.520035,2,5
2850,-1.13836,0.76176,2,2
2851,1.21971,0.764969,3,3
2852,1.5873,1.66681,3,-1
2853,0.685059,0.338868,3,3
2854,1.1333,0.596343,3,3
2855,-1.2876,1.6002,2,2
2856,1.10383,0.410134,3,3
2857,-0.777621,0.162897,2,-1
2858,1.07998,0.508237,3,3
2859,0.581855,0.729635,3,3
2860,0.207029,1.05544,3,-1
2861,0.490167,0.344089,3,-1
2862,-0.895742,1.75838,2,-1
2863,-0.471914,1.4463,2,-1
2864,-0.734703,1.00488,2,2
2865,-1.06714,1.10101,2,2
2866,-1.12458,0.260827,2,-1
2867,-1.36747,1.17814,2,2
2868,0.877846,0.566147,3,3
2869,-1.22188,1.1339,2,2
2870,-1.07832,1.28635,2,2
2871,-1.41713,1.32629,2,2
2872,1.89419,1.25858,3,-1
2873,1.13484,0.0188415,3,-1
2874,-1.14912,0.536593,2,2
2875,2.43826,1.20174,3,-1
2876,0.0288516,0.26494,3,-1
2877,0.296416,1.2089,3,-1
2878,1.21875,0.460613,3,3
2879,1.2904,1.26695,3,3
2880,0.741199,0.556553,3,3
2881,-1.7787,0.69201,2,-1
2882,-1.9888,0.549998,2,-1
2883,-0.1255,0.966209,3,-1
2884,-0.690006,2.09553,2,-1
2885,0.614051,0.783941,3,3
2886,-1.87701,0.83265,2,-1
2887,-0.844502,0.952787,2,2
2888,-1.52676,1.18298,2,2
2889,0.639869,0.710155,3,3
2890,-0.500092,0.485055,2,-1
2891,1.06312,0.633933,3,3
2892,1.08814,1.42097,3,-1
2893,1.42017,1.01241,3,3
2894,1.20282,0.530971,3,3
2895,-1.84107,1.64971,2,-1
2896,1.37222,0.962247,3,3
2897,0.857809,0.646904,3,3
2898,1.0479,0.773746,3,3
2899,1.36009,0.658681,3,3
2900,1.21753,0.168522,3,3
2901,-0.495615,1.48033,2,-1
2902,1.01876,2.01139,3,-1
2903,-0.611775,0.448768,2,-1
2904,1.83191,1.23093,3,-1
2905,-1.64416,1.51934,2,-1
2906,0.926461,0.788493,3,3
2907,1.36353,0.819906,3,3
2908,1.4161,1.03736,3,3
2909,1.60745,1.28644,3,-1
2910,1.11005,0.382009,3,3
2911,-2.09813,1.78666,2,-1
2912,0.371425,0.761291,3,-1
2913,0.37449,0.34025,3,-1
2914,-1.07632,1.00526,2,2
2915,1.27607,1.13787,3,3
2916,-1.02637,0.822958,2,2
2917,-1.41492,1.13242,2,2
2918,1.40866,0.559012,3,3
2919,-0.738615,1.21832,2,2
2920,-0.451908,1.82798,2,-1
2921,-0.924769,1.44147,2,2
2922,0.833526,0.336607,3,3
2923,1.98698,0.474366,3,-1
2924,-0.450549,0.666858,2,-1
2925,1.10117,0.34499,3,3
2926,1.45367,0.455484,3,3
2927,-0.43059,0.729768,2,-1
2928,-1.05908,0.267392,2,-1
2929,1.19895,0.22855,3,3
2930,0.818203,0.765392,3,3
2931,-1.24031,1.17207,2,2
2932,-1.16969,1.81756,2,-1
2933,0.28276,0.0262505,3,-1
2934,-1.40074,1.12781,2,2
2935,-1.43756,1.24619,2,2
2936,2.20132,0.864437,3,-1
2937,0.391888,0.464681,3,-1
2938,1.07844,0.10061,3,-1
2939,-1.24822,0.876853,2,2
2940,1.41649,1.08149,3,3
2941,-1.28879,1.65338,2,-1
2942,-0.460543,1.29274,2,-1
2943,-1.18758,1.33963,2,2
2944,1.36984,-0.537328,3,-1
2945,0.884619,1.04787,3,3
2946,-1.00682,0.921698,2,2
2947,0.825818,1.399,3,-1
2948,-0.497505,1.16339,2,-1
2949,-0.882853,1.37308,2,2
2950,1.33699,0.952638,3,3
2951,-1.36401,0.888185,2,2
2952,0.732836,0.161949,3,-1
2953,-1.7738,0.988316,2,-1
2954,1.46671,0.279976,3,3
2955,1.54323,1.06618,3,-1
2956,-1.34441,0.964622,2,2
2957,-1.54408,0.921916,2,2
2958,-0.661283,1.27897,2,2
2959,-1.88294,1.15844,2,-1
2960,1.51873,0.885101,3,3
2961,-1.06499,0.675161,2,2
2962,-1.61013,0.57717,2,-1
2963,0.647778,0.809931,3,3
2964,-1.53136,1.27761,2,2
2965,-1.60222,0.623128,2,-1
2966,-1.0593,0.23329,2,-1
2967,0.646895,0.402893,3,3
2968,-1.15937,0.708869,2,2
2969,-0.523254,1.31351,2,-1
2970,-1.09835,1.30748,2,2
2971,-1.16541,1.56903,2,2
2972,-0.616012,1.38047,2,2
2973,-1.9362,0.848062,2,-1
2974,1.31936,0.170225,3,3
2975,-1.69249,1.21046,2,2
2976,-1.41531,0.00503042,2,-1
2977,-1.20627,0.956594,2,2
2978,1.49485,1.05323,3,3
2979,1.38434,1.05237,3,3
2980,-0.584238,0.709969,2,2
2981,0.970242,0.803921,3,3
2982,-0.563381,1.73059,2,-1
2983,1.6106,0.545701,3,3
2984,1.65445,0.92641,3,-1
2985,-1.4382,1.83486,2,-1
2986,-0.103945,0.30579,2,-1
2987,-0.206582,1.02371,2,-1
2988,-1.00069,0.910563,2,2
2989,1.14224,0.78934,3,3
2990,1.02799,0.963494,3,3
2991,0.11515,1.03666,3,-1
2992,-0.980583,1.26042,2,2
2993,0.778773,0.161564,3,-1
2994,-2.31222,1.46996,2,-1
2995,-1.31952,1.15846,2,2
2996,-0.716627,2.00028,2,-1
2997,-1.04071,1.73721,2,-1
2998,-1.71801,0.793784,2,-1
2999,-1.24863,0.728289,2,2
3000,1.01231,0.657851,3,3
